Timing Analyzer report for CV_8052
Sat Jan 31 14:48:30 2026
Quartus Prime Version 24.1std.0 Build 1077 03/04/2025 SC Lite Edition


---------------------
; Table of Contents ;
---------------------
  1. Legal Notice
  2. Timing Analyzer Summary
  3. Parallel Compilation
  4. SDC File List
  5. Clocks
  6. Slow 1200mV 85C Model Fmax Summary
  7. Slow 1200mV 85C Model Setup Summary
  8. Slow 1200mV 85C Model Hold Summary
  9. Slow 1200mV 85C Model Recovery Summary
 10. Slow 1200mV 85C Model Removal Summary
 11. Slow 1200mV 85C Model Minimum Pulse Width Summary
 12. Slow 1200mV 85C Model Metastability Summary
 13. Slow 1200mV 0C Model Fmax Summary
 14. Slow 1200mV 0C Model Setup Summary
 15. Slow 1200mV 0C Model Hold Summary
 16. Slow 1200mV 0C Model Recovery Summary
 17. Slow 1200mV 0C Model Removal Summary
 18. Slow 1200mV 0C Model Minimum Pulse Width Summary
 19. Slow 1200mV 0C Model Metastability Summary
 20. Fast 1200mV 0C Model Setup Summary
 21. Fast 1200mV 0C Model Hold Summary
 22. Fast 1200mV 0C Model Recovery Summary
 23. Fast 1200mV 0C Model Removal Summary
 24. Fast 1200mV 0C Model Minimum Pulse Width Summary
 25. Fast 1200mV 0C Model Metastability Summary
 26. Multicorner Timing Analysis Summary
 27. Board Trace Model Assignments
 28. Input Transition Times
 29. Signal Integrity Metrics (Slow 1200mv 0c Model)
 30. Signal Integrity Metrics (Slow 1200mv 85c Model)
 31. Signal Integrity Metrics (Fast 1200mv 0c Model)
 32. Setup Transfers
 33. Hold Transfers
 34. Recovery Transfers
 35. Removal Transfers
 36. Report TCCS
 37. Report RSKM
 38. Unconstrained Paths Summary
 39. Clock Status Summary
 40. Unconstrained Input Ports
 41. Unconstrained Output Ports
 42. Unconstrained Input Ports
 43. Unconstrained Output Ports
 44. Timing Analyzer Messages
 45. Timing Analyzer Suppressed Messages



----------------
; Legal Notice ;
----------------
Copyright (C) 2025  Altera Corporation. All rights reserved.
Your use of Altera Corporation's design tools, logic functions 
and other software and tools, and any partner logic 
functions, and any output files from any of the foregoing 
(including device programming or simulation files), and any 
associated documentation or information are expressly subject 
to the terms and conditions of the Altera Program License 
Subscription Agreement, the Altera Quartus Prime License Agreement,
the Altera IP License Agreement, or other applicable license
agreement, including, without limitation, that your use is for
the sole purpose of programming logic devices manufactured by
Altera and sold by Altera or its authorized distributors.  Please
refer to the Altera Software License Subscription Agreements 
on the Quartus Prime software download page.



+---------------------------------------------------------------------------------+
; Timing Analyzer Summary                                                         ;
+-----------------------+---------------------------------------------------------+
; Quartus Prime Version ; Version 24.1std.0 Build 1077 03/04/2025 SC Lite Edition ;
; Timing Analyzer       ; Legacy Timing Analyzer                                  ;
; Revision Name         ; CV_8052                                                 ;
; Device Family         ; MAX 10                                                  ;
; Device Name           ; 10M50DAF484C7G                                          ;
; Timing Models         ; Final                                                   ;
; Delay Model           ; Combined                                                ;
; Rise/Fall Delays      ; Enabled                                                 ;
+-----------------------+---------------------------------------------------------+


+------------------------------------------+
; Parallel Compilation                     ;
+----------------------------+-------------+
; Processors                 ; Number      ;
+----------------------------+-------------+
; Number detected on machine ; 8           ;
; Maximum allowed            ; 4           ;
;                            ;             ;
; Average used               ; 2.10        ;
; Maximum used               ; 4           ;
;                            ;             ;
; Usage by Processor         ; % Time Used ;
;     Processor 1            ; 100.0%      ;
;     Processor 2            ;  37.9%      ;
;     Processor 3            ;  36.4%      ;
;     Processor 4            ;  35.8%      ;
+----------------------------+-------------+


+-----------------------------------------------------------------------------------------------+
; SDC File List                                                                                 ;
+-----------------------------------------------------------+--------+--------------------------+
; SDC File Path                                             ; Status ; Read at                  ;
+-----------------------------------------------------------+--------+--------------------------+
; onchip_flash/synthesis/submodules/altera_onchip_flash.sdc ; OK     ; Sat Jan 31 14:48:23 2026 ;
; CV_8052.sdc                                               ; OK     ; Sat Jan 31 14:48:23 2026 ;
+-----------------------------------------------------------+--------+--------------------------+


+--------------------------------------------------------------------------------------------------------------------------------------------------------------------------------------------------------------------------------------------------------------------------------------------------------------------------------------------------------------------------------+
; Clocks                                                                                                                                                                                                                                                                                                                                                                         ;
+---------------------------------------------------------------------------+-----------+---------+-----------+-------+--------+------------+-----------+-------------+-------+--------+-----------+------------+----------+----------+----------------------------------------------------------+-------------------------------------------------------------------------------+
; Clock Name                                                                ; Type      ; Period  ; Frequency ; Rise  ; Fall   ; Duty Cycle ; Divide by ; Multiply by ; Phase ; Offset ; Edge List ; Edge Shift ; Inverted ; Master   ; Source                                                   ; Targets                                                                       ;
+---------------------------------------------------------------------------+-----------+---------+-----------+-------+--------+------------+-----------+-------------+-------+--------+-----------+------------+----------+----------+----------------------------------------------------------+-------------------------------------------------------------------------------+
; altera_reserved_tck                                                       ; Base      ; 100.000 ; 10.0 MHz  ; 0.000 ; 50.000 ;            ;           ;             ;       ;        ;           ;            ;          ;          ;                                                          ; { altera_reserved_tck }                                                       ;
; CLOCK_50                                                                  ; Base      ; 20.000  ; 50.0 MHz  ; 0.000 ; 10.000 ;            ;           ;             ;       ;        ;           ;            ;          ;          ;                                                          ; { CLOCK_50 }                                                                  ;
; max10_onchip_flash|onchip_flash_0|altera_onchip_flash_block|ufm_block|osc ; Base      ; 181.818 ; 5.5 MHz   ; 0.000 ; 90.909 ;            ;           ;             ;       ;        ;           ;            ;          ;          ;                                                          ; { max10_onchip_flash|onchip_flash_0|altera_onchip_flash_block|ufm_block|osc } ;
; pll_33_MHz|altpll_component|auto_generated|pll1|clk[0]                    ; Generated ; 30.000  ; 33.33 MHz ; 0.000 ; 15.000 ; 50.00      ; 3         ; 2           ;       ;        ;           ;            ; false    ; CLOCK_50 ; pll_33_MHz|altpll_component|auto_generated|pll1|inclk[0] ; { pll_33_MHz|altpll_component|auto_generated|pll1|clk[0] }                    ;
+---------------------------------------------------------------------------+-----------+---------+-----------+-------+--------+------------+-----------+-------------+-------+--------+-----------+------------+----------+----------+----------------------------------------------------------+-------------------------------------------------------------------------------+


+---------------------------------------------------------------------------------------------+
; Slow 1200mV 85C Model Fmax Summary                                                          ;
+-----------+-----------------+--------------------------------------------------------+------+
; Fmax      ; Restricted Fmax ; Clock Name                                             ; Note ;
+-----------+-----------------+--------------------------------------------------------+------+
; 1.1 MHz   ; 1.1 MHz         ; pll_33_MHz|altpll_component|auto_generated|pll1|clk[0] ;      ;
; 65.71 MHz ; 65.71 MHz       ; altera_reserved_tck                                    ;      ;
+-----------+-----------------+--------------------------------------------------------+------+
This panel reports FMAX for every clock in the design, regardless of the user-specified clock periods.  FMAX is only computed for paths where the source and destination registers or ports are driven by the same clock.  Paths of different clocks, including generated clocks, are ignored.  For paths between a clock and its inversion, FMAX is computed as if the rising and falling edges are scaled along with FMAX, such that the duty cycle (in terms of a percentage) is maintained. Altera recommends that you always use clock constraints and other slack reports for sign-off analysis.


+-----------------------------------------------------------------------------------+
; Slow 1200mV 85C Model Setup Summary                                               ;
+--------------------------------------------------------+----------+---------------+
; Clock                                                  ; Slack    ; End Point TNS ;
+--------------------------------------------------------+----------+---------------+
; pll_33_MHz|altpll_component|auto_generated|pll1|clk[0] ; -877.615 ; -11246.998    ;
; altera_reserved_tck                                    ; 42.391   ; 0.000         ;
+--------------------------------------------------------+----------+---------------+


+--------------------------------------------------------------------------------+
; Slow 1200mV 85C Model Hold Summary                                             ;
+--------------------------------------------------------+-------+---------------+
; Clock                                                  ; Slack ; End Point TNS ;
+--------------------------------------------------------+-------+---------------+
; altera_reserved_tck                                    ; 0.295 ; 0.000         ;
; pll_33_MHz|altpll_component|auto_generated|pll1|clk[0] ; 0.311 ; 0.000         ;
+--------------------------------------------------------+-------+---------------+


+---------------------------------------------------------------------------------+
; Slow 1200mV 85C Model Recovery Summary                                          ;
+--------------------------------------------------------+--------+---------------+
; Clock                                                  ; Slack  ; End Point TNS ;
+--------------------------------------------------------+--------+---------------+
; pll_33_MHz|altpll_component|auto_generated|pll1|clk[0] ; 26.776 ; 0.000         ;
; altera_reserved_tck                                    ; 97.102 ; 0.000         ;
+--------------------------------------------------------+--------+---------------+


+--------------------------------------------------------------------------------+
; Slow 1200mV 85C Model Removal Summary                                          ;
+--------------------------------------------------------+-------+---------------+
; Clock                                                  ; Slack ; End Point TNS ;
+--------------------------------------------------------+-------+---------------+
; altera_reserved_tck                                    ; 0.910 ; 0.000         ;
; pll_33_MHz|altpll_component|auto_generated|pll1|clk[0] ; 1.318 ; 0.000         ;
+--------------------------------------------------------+-------+---------------+


+----------------------------------------------------------------------------------------------------+
; Slow 1200mV 85C Model Minimum Pulse Width Summary                                                  ;
+---------------------------------------------------------------------------+--------+---------------+
; Clock                                                                     ; Slack  ; End Point TNS ;
+---------------------------------------------------------------------------+--------+---------------+
; pll_33_MHz|altpll_component|auto_generated|pll1|clk[0]                    ; 9.550  ; 0.000         ;
; CLOCK_50                                                                  ; 9.820  ; 0.000         ;
; altera_reserved_tck                                                       ; 49.533 ; 0.000         ;
; max10_onchip_flash|onchip_flash_0|altera_onchip_flash_block|ufm_block|osc ; 90.677 ; 0.000         ;
+---------------------------------------------------------------------------+--------+---------------+


-----------------------------------------------
; Slow 1200mV 85C Model Metastability Summary ;
-----------------------------------------------
Worst-Case MTBF of Design is 1e+09 years or 3.15e+16 seconds.
Typical MTBF of Design is 1e+09 years or 3.15e+16 seconds.

Number of Synchronizer Chains Found: 7
Shortest Synchronizer Chain: 2 Registers
Fraction of Chains for which MTBFs Could Not be Calculated: 0.429
Worst Case Available Settling Time: 52.839 ns

Worst-Case MTBF values are calculated based on the worst-case silicon characteristics, with worst-case operating conditions.
  - Under worst-case conditions, an increase of 100ps in available settling time will increase MTBF values by a factor of 1.8
Typical MTBF values are calculated based on the nominal silicon characteristics, at nominal operating conditions.
  - Under typical conditions, an increase of 100ps in available settling time will increase MTBF values by a factor of 3.7



+---------------------------------------------------------------------------------------------+
; Slow 1200mV 0C Model Fmax Summary                                                           ;
+-----------+-----------------+--------------------------------------------------------+------+
; Fmax      ; Restricted Fmax ; Clock Name                                             ; Note ;
+-----------+-----------------+--------------------------------------------------------+------+
; 1.11 MHz  ; 1.11 MHz        ; pll_33_MHz|altpll_component|auto_generated|pll1|clk[0] ;      ;
; 70.44 MHz ; 70.44 MHz       ; altera_reserved_tck                                    ;      ;
+-----------+-----------------+--------------------------------------------------------+------+
This panel reports FMAX for every clock in the design, regardless of the user-specified clock periods.  FMAX is only computed for paths where the source and destination registers or ports are driven by the same clock.  Paths of different clocks, including generated clocks, are ignored.  For paths between a clock and its inversion, FMAX is computed as if the rising and falling edges are scaled along with FMAX, such that the duty cycle (in terms of a percentage) is maintained. Altera recommends that you always use clock constraints and other slack reports for sign-off analysis.


+-----------------------------------------------------------------------------------+
; Slow 1200mV 0C Model Setup Summary                                                ;
+--------------------------------------------------------+----------+---------------+
; Clock                                                  ; Slack    ; End Point TNS ;
+--------------------------------------------------------+----------+---------------+
; pll_33_MHz|altpll_component|auto_generated|pll1|clk[0] ; -868.890 ; -10684.928    ;
; altera_reserved_tck                                    ; 42.902   ; 0.000         ;
+--------------------------------------------------------+----------+---------------+


+--------------------------------------------------------------------------------+
; Slow 1200mV 0C Model Hold Summary                                              ;
+--------------------------------------------------------+-------+---------------+
; Clock                                                  ; Slack ; End Point TNS ;
+--------------------------------------------------------+-------+---------------+
; pll_33_MHz|altpll_component|auto_generated|pll1|clk[0] ; 0.277 ; 0.000         ;
; altera_reserved_tck                                    ; 0.287 ; 0.000         ;
+--------------------------------------------------------+-------+---------------+


+---------------------------------------------------------------------------------+
; Slow 1200mV 0C Model Recovery Summary                                           ;
+--------------------------------------------------------+--------+---------------+
; Clock                                                  ; Slack  ; End Point TNS ;
+--------------------------------------------------------+--------+---------------+
; pll_33_MHz|altpll_component|auto_generated|pll1|clk[0] ; 26.983 ; 0.000         ;
; altera_reserved_tck                                    ; 97.335 ; 0.000         ;
+--------------------------------------------------------+--------+---------------+


+--------------------------------------------------------------------------------+
; Slow 1200mV 0C Model Removal Summary                                           ;
+--------------------------------------------------------+-------+---------------+
; Clock                                                  ; Slack ; End Point TNS ;
+--------------------------------------------------------+-------+---------------+
; altera_reserved_tck                                    ; 0.834 ; 0.000         ;
; pll_33_MHz|altpll_component|auto_generated|pll1|clk[0] ; 1.170 ; 0.000         ;
+--------------------------------------------------------+-------+---------------+


+----------------------------------------------------------------------------------------------------+
; Slow 1200mV 0C Model Minimum Pulse Width Summary                                                   ;
+---------------------------------------------------------------------------+--------+---------------+
; Clock                                                                     ; Slack  ; End Point TNS ;
+---------------------------------------------------------------------------+--------+---------------+
; pll_33_MHz|altpll_component|auto_generated|pll1|clk[0]                    ; 9.598  ; 0.000         ;
; CLOCK_50                                                                  ; 9.830  ; 0.000         ;
; altera_reserved_tck                                                       ; 49.549 ; 0.000         ;
; max10_onchip_flash|onchip_flash_0|altera_onchip_flash_block|ufm_block|osc ; 90.681 ; 0.000         ;
+---------------------------------------------------------------------------+--------+---------------+


----------------------------------------------
; Slow 1200mV 0C Model Metastability Summary ;
----------------------------------------------
Worst-Case MTBF of Design is 1e+09 years or 3.15e+16 seconds.
Typical MTBF of Design is 1e+09 years or 3.15e+16 seconds.

Number of Synchronizer Chains Found: 7
Shortest Synchronizer Chain: 2 Registers
Fraction of Chains for which MTBFs Could Not be Calculated: 0.429
Worst Case Available Settling Time: 53.251 ns

Worst-Case MTBF values are calculated based on the worst-case silicon characteristics, with worst-case operating conditions.
  - Under worst-case conditions, an increase of 100ps in available settling time will increase MTBF values by a factor of 1.8
Typical MTBF values are calculated based on the nominal silicon characteristics, at nominal operating conditions.
  - Under typical conditions, an increase of 100ps in available settling time will increase MTBF values by a factor of 3.7



+-----------------------------------------------------------------------------------+
; Fast 1200mV 0C Model Setup Summary                                                ;
+--------------------------------------------------------+----------+---------------+
; Clock                                                  ; Slack    ; End Point TNS ;
+--------------------------------------------------------+----------+---------------+
; pll_33_MHz|altpll_component|auto_generated|pll1|clk[0] ; -826.770 ; -9920.740     ;
; altera_reserved_tck                                    ; 46.904   ; 0.000         ;
+--------------------------------------------------------+----------+---------------+


+--------------------------------------------------------------------------------+
; Fast 1200mV 0C Model Hold Summary                                              ;
+--------------------------------------------------------+-------+---------------+
; Clock                                                  ; Slack ; End Point TNS ;
+--------------------------------------------------------+-------+---------------+
; altera_reserved_tck                                    ; 0.104 ; 0.000         ;
; pll_33_MHz|altpll_component|auto_generated|pll1|clk[0] ; 0.142 ; 0.000         ;
+--------------------------------------------------------+-------+---------------+


+---------------------------------------------------------------------------------+
; Fast 1200mV 0C Model Recovery Summary                                           ;
+--------------------------------------------------------+--------+---------------+
; Clock                                                  ; Slack  ; End Point TNS ;
+--------------------------------------------------------+--------+---------------+
; pll_33_MHz|altpll_component|auto_generated|pll1|clk[0] ; 28.448 ; 0.000         ;
; altera_reserved_tck                                    ; 98.589 ; 0.000         ;
+--------------------------------------------------------+--------+---------------+


+--------------------------------------------------------------------------------+
; Fast 1200mV 0C Model Removal Summary                                           ;
+--------------------------------------------------------+-------+---------------+
; Clock                                                  ; Slack ; End Point TNS ;
+--------------------------------------------------------+-------+---------------+
; altera_reserved_tck                                    ; 0.409 ; 0.000         ;
; pll_33_MHz|altpll_component|auto_generated|pll1|clk[0] ; 0.602 ; 0.000         ;
+--------------------------------------------------------+-------+---------------+


+----------------------------------------------------------------------------------------------------+
; Fast 1200mV 0C Model Minimum Pulse Width Summary                                                   ;
+---------------------------------------------------------------------------+--------+---------------+
; Clock                                                                     ; Slack  ; End Point TNS ;
+---------------------------------------------------------------------------+--------+---------------+
; CLOCK_50                                                                  ; 9.530  ; 0.000         ;
; pll_33_MHz|altpll_component|auto_generated|pll1|clk[0]                    ; 9.912  ; 0.000         ;
; altera_reserved_tck                                                       ; 49.385 ; 0.000         ;
; max10_onchip_flash|onchip_flash_0|altera_onchip_flash_block|ufm_block|osc ; 90.688 ; 0.000         ;
+---------------------------------------------------------------------------+--------+---------------+


----------------------------------------------
; Fast 1200mV 0C Model Metastability Summary ;
----------------------------------------------
Worst-Case MTBF of Design is 1e+09 years or 3.15e+16 seconds.
Typical MTBF of Design is 1e+09 years or 3.15e+16 seconds.

Number of Synchronizer Chains Found: 7
Shortest Synchronizer Chain: 2 Registers
Fraction of Chains for which MTBFs Could Not be Calculated: 0.429
Worst Case Available Settling Time: 56.714 ns

Worst-Case MTBF values are calculated based on the worst-case silicon characteristics, with worst-case operating conditions.
  - Under worst-case conditions, an increase of 100ps in available settling time will increase MTBF values by a factor of 1.8
Typical MTBF values are calculated based on the nominal silicon characteristics, at nominal operating conditions.
  - Under typical conditions, an increase of 100ps in available settling time will increase MTBF values by a factor of 3.7



+--------------------------------------------------------------------------------------------------------------------------------------------+
; Multicorner Timing Analysis Summary                                                                                                        ;
+----------------------------------------------------------------------------+------------+-------+----------+---------+---------------------+
; Clock                                                                      ; Setup      ; Hold  ; Recovery ; Removal ; Minimum Pulse Width ;
+----------------------------------------------------------------------------+------------+-------+----------+---------+---------------------+
; Worst-case Slack                                                           ; -877.615   ; 0.104 ; 26.776   ; 0.409   ; 9.530               ;
;  CLOCK_50                                                                  ; N/A        ; N/A   ; N/A      ; N/A     ; 9.530               ;
;  altera_reserved_tck                                                       ; 42.391     ; 0.104 ; 97.102   ; 0.409   ; 49.385              ;
;  max10_onchip_flash|onchip_flash_0|altera_onchip_flash_block|ufm_block|osc ; N/A        ; N/A   ; N/A      ; N/A     ; 90.677              ;
;  pll_33_MHz|altpll_component|auto_generated|pll1|clk[0]                    ; -877.615   ; 0.142 ; 26.776   ; 0.602   ; 9.550               ;
; Design-wide TNS                                                            ; -11246.998 ; 0.0   ; 0.0      ; 0.0     ; 0.0                 ;
;  CLOCK_50                                                                  ; N/A        ; N/A   ; N/A      ; N/A     ; 0.000               ;
;  altera_reserved_tck                                                       ; 0.000      ; 0.000 ; 0.000    ; 0.000   ; 0.000               ;
;  max10_onchip_flash|onchip_flash_0|altera_onchip_flash_block|ufm_block|osc ; N/A        ; N/A   ; N/A      ; N/A     ; 0.000               ;
;  pll_33_MHz|altpll_component|auto_generated|pll1|clk[0]                    ; -11246.998 ; 0.000 ; 0.000    ; 0.000   ; 0.000               ;
+----------------------------------------------------------------------------+------------+-------+----------+---------+---------------------+


+------------------------------------------------------------------------------------------------------------------------------------------------------------------------------------------------------------------------------------------------------------------------------------------------------------------------------------------------------------------------------------------------------------------------+
; Board Trace Model Assignments                                                                                                                                                                                                                                                                                                                                                                                          ;
+---------------------+--------------+-------------------+-------------------------+-------------------------+---------------+---------------------+----------------+------------------+--------+------------------+------------------------+------------------------+--------------+---------------+-----------------+-------+---------------------+--------------------+---------------+-----------------+-------------+
; Pin                 ; I/O Standard ; Near Tline Length ; Near Tline L per Length ; Near Tline C per Length ; Near Series R ; Near Differential R ; Near Pull-up R ; Near Pull-down R ; Near C ; Far Tline Length ; Far Tline L per Length ; Far Tline C per Length ; Far Series R ; Far Pull-up R ; Far Pull-down R ; Far C ; Termination Voltage ; Far Differential R ; EBD File Name ; EBD Signal Name ; EBD Far-end ;
+---------------------+--------------+-------------------+-------------------------+-------------------------+---------------+---------------------+----------------+------------------+--------+------------------+------------------------+------------------------+--------------+---------------+-----------------+-------+---------------------+--------------------+---------------+-----------------+-------------+
; GNDKEY2             ; 3.3-V LVTTL  ; 0 in              ; 0 H/in                  ; 0 F/in                  ; short         ; -                   ; open           ; open             ; open   ; 0 in             ; 0 H/in                 ; 0 F/in                 ; short        ; open          ; open            ; open  ; 0 V                 ; -                  ; n/a           ; n/a             ; n/a         ;
; GNDKEY3             ; 3.3-V LVTTL  ; 0 in              ; 0 H/in                  ; 0 F/in                  ; short         ; -                   ; open           ; open             ; open   ; 0 in             ; 0 H/in                 ; 0 F/in                 ; short        ; open          ; open            ; open  ; 0 V                 ; -                  ; n/a           ; n/a             ; n/a         ;
; HEX0_out[0]         ; 3.3-V LVTTL  ; 0 in              ; 0 H/in                  ; 0 F/in                  ; short         ; -                   ; open           ; open             ; open   ; 0 in             ; 0 H/in                 ; 0 F/in                 ; short        ; open          ; open            ; open  ; 0 V                 ; -                  ; n/a           ; n/a             ; n/a         ;
; HEX0_out[1]         ; 3.3-V LVTTL  ; 0 in              ; 0 H/in                  ; 0 F/in                  ; short         ; -                   ; open           ; open             ; open   ; 0 in             ; 0 H/in                 ; 0 F/in                 ; short        ; open          ; open            ; open  ; 0 V                 ; -                  ; n/a           ; n/a             ; n/a         ;
; HEX0_out[2]         ; 3.3-V LVTTL  ; 0 in              ; 0 H/in                  ; 0 F/in                  ; short         ; -                   ; open           ; open             ; open   ; 0 in             ; 0 H/in                 ; 0 F/in                 ; short        ; open          ; open            ; open  ; 0 V                 ; -                  ; n/a           ; n/a             ; n/a         ;
; HEX0_out[3]         ; 3.3-V LVTTL  ; 0 in              ; 0 H/in                  ; 0 F/in                  ; short         ; -                   ; open           ; open             ; open   ; 0 in             ; 0 H/in                 ; 0 F/in                 ; short        ; open          ; open            ; open  ; 0 V                 ; -                  ; n/a           ; n/a             ; n/a         ;
; HEX0_out[4]         ; 3.3-V LVTTL  ; 0 in              ; 0 H/in                  ; 0 F/in                  ; short         ; -                   ; open           ; open             ; open   ; 0 in             ; 0 H/in                 ; 0 F/in                 ; short        ; open          ; open            ; open  ; 0 V                 ; -                  ; n/a           ; n/a             ; n/a         ;
; HEX0_out[5]         ; 3.3-V LVTTL  ; 0 in              ; 0 H/in                  ; 0 F/in                  ; short         ; -                   ; open           ; open             ; open   ; 0 in             ; 0 H/in                 ; 0 F/in                 ; short        ; open          ; open            ; open  ; 0 V                 ; -                  ; n/a           ; n/a             ; n/a         ;
; HEX0_out[6]         ; 3.3-V LVTTL  ; 0 in              ; 0 H/in                  ; 0 F/in                  ; short         ; -                   ; open           ; open             ; open   ; 0 in             ; 0 H/in                 ; 0 F/in                 ; short        ; open          ; open            ; open  ; 0 V                 ; -                  ; n/a           ; n/a             ; n/a         ;
; HEX0_out[7]         ; 3.3-V LVTTL  ; 0 in              ; 0 H/in                  ; 0 F/in                  ; short         ; -                   ; open           ; open             ; open   ; 0 in             ; 0 H/in                 ; 0 F/in                 ; short        ; open          ; open            ; open  ; 0 V                 ; -                  ; n/a           ; n/a             ; n/a         ;
; HEX1_out[0]         ; 3.3-V LVTTL  ; 0 in              ; 0 H/in                  ; 0 F/in                  ; short         ; -                   ; open           ; open             ; open   ; 0 in             ; 0 H/in                 ; 0 F/in                 ; short        ; open          ; open            ; open  ; 0 V                 ; -                  ; n/a           ; n/a             ; n/a         ;
; HEX1_out[1]         ; 3.3-V LVTTL  ; 0 in              ; 0 H/in                  ; 0 F/in                  ; short         ; -                   ; open           ; open             ; open   ; 0 in             ; 0 H/in                 ; 0 F/in                 ; short        ; open          ; open            ; open  ; 0 V                 ; -                  ; n/a           ; n/a             ; n/a         ;
; HEX1_out[2]         ; 3.3-V LVTTL  ; 0 in              ; 0 H/in                  ; 0 F/in                  ; short         ; -                   ; open           ; open             ; open   ; 0 in             ; 0 H/in                 ; 0 F/in                 ; short        ; open          ; open            ; open  ; 0 V                 ; -                  ; n/a           ; n/a             ; n/a         ;
; HEX1_out[3]         ; 3.3-V LVTTL  ; 0 in              ; 0 H/in                  ; 0 F/in                  ; short         ; -                   ; open           ; open             ; open   ; 0 in             ; 0 H/in                 ; 0 F/in                 ; short        ; open          ; open            ; open  ; 0 V                 ; -                  ; n/a           ; n/a             ; n/a         ;
; HEX1_out[4]         ; 3.3-V LVTTL  ; 0 in              ; 0 H/in                  ; 0 F/in                  ; short         ; -                   ; open           ; open             ; open   ; 0 in             ; 0 H/in                 ; 0 F/in                 ; short        ; open          ; open            ; open  ; 0 V                 ; -                  ; n/a           ; n/a             ; n/a         ;
; HEX1_out[5]         ; 3.3-V LVTTL  ; 0 in              ; 0 H/in                  ; 0 F/in                  ; short         ; -                   ; open           ; open             ; open   ; 0 in             ; 0 H/in                 ; 0 F/in                 ; short        ; open          ; open            ; open  ; 0 V                 ; -                  ; n/a           ; n/a             ; n/a         ;
; HEX1_out[6]         ; 3.3-V LVTTL  ; 0 in              ; 0 H/in                  ; 0 F/in                  ; short         ; -                   ; open           ; open             ; open   ; 0 in             ; 0 H/in                 ; 0 F/in                 ; short        ; open          ; open            ; open  ; 0 V                 ; -                  ; n/a           ; n/a             ; n/a         ;
; HEX1_out[7]         ; 3.3-V LVTTL  ; 0 in              ; 0 H/in                  ; 0 F/in                  ; short         ; -                   ; open           ; open             ; open   ; 0 in             ; 0 H/in                 ; 0 F/in                 ; short        ; open          ; open            ; open  ; 0 V                 ; -                  ; n/a           ; n/a             ; n/a         ;
; HEX2_out[0]         ; 3.3-V LVTTL  ; 0 in              ; 0 H/in                  ; 0 F/in                  ; short         ; -                   ; open           ; open             ; open   ; 0 in             ; 0 H/in                 ; 0 F/in                 ; short        ; open          ; open            ; open  ; 0 V                 ; -                  ; n/a           ; n/a             ; n/a         ;
; HEX2_out[1]         ; 3.3-V LVTTL  ; 0 in              ; 0 H/in                  ; 0 F/in                  ; short         ; -                   ; open           ; open             ; open   ; 0 in             ; 0 H/in                 ; 0 F/in                 ; short        ; open          ; open            ; open  ; 0 V                 ; -                  ; n/a           ; n/a             ; n/a         ;
; HEX2_out[2]         ; 3.3-V LVTTL  ; 0 in              ; 0 H/in                  ; 0 F/in                  ; short         ; -                   ; open           ; open             ; open   ; 0 in             ; 0 H/in                 ; 0 F/in                 ; short        ; open          ; open            ; open  ; 0 V                 ; -                  ; n/a           ; n/a             ; n/a         ;
; HEX2_out[3]         ; 3.3-V LVTTL  ; 0 in              ; 0 H/in                  ; 0 F/in                  ; short         ; -                   ; open           ; open             ; open   ; 0 in             ; 0 H/in                 ; 0 F/in                 ; short        ; open          ; open            ; open  ; 0 V                 ; -                  ; n/a           ; n/a             ; n/a         ;
; HEX2_out[4]         ; 3.3-V LVTTL  ; 0 in              ; 0 H/in                  ; 0 F/in                  ; short         ; -                   ; open           ; open             ; open   ; 0 in             ; 0 H/in                 ; 0 F/in                 ; short        ; open          ; open            ; open  ; 0 V                 ; -                  ; n/a           ; n/a             ; n/a         ;
; HEX2_out[5]         ; 3.3-V LVTTL  ; 0 in              ; 0 H/in                  ; 0 F/in                  ; short         ; -                   ; open           ; open             ; open   ; 0 in             ; 0 H/in                 ; 0 F/in                 ; short        ; open          ; open            ; open  ; 0 V                 ; -                  ; n/a           ; n/a             ; n/a         ;
; HEX2_out[6]         ; 3.3-V LVTTL  ; 0 in              ; 0 H/in                  ; 0 F/in                  ; short         ; -                   ; open           ; open             ; open   ; 0 in             ; 0 H/in                 ; 0 F/in                 ; short        ; open          ; open            ; open  ; 0 V                 ; -                  ; n/a           ; n/a             ; n/a         ;
; HEX2_out[7]         ; 3.3-V LVTTL  ; 0 in              ; 0 H/in                  ; 0 F/in                  ; short         ; -                   ; open           ; open             ; open   ; 0 in             ; 0 H/in                 ; 0 F/in                 ; short        ; open          ; open            ; open  ; 0 V                 ; -                  ; n/a           ; n/a             ; n/a         ;
; HEX3_out[0]         ; 3.3-V LVTTL  ; 0 in              ; 0 H/in                  ; 0 F/in                  ; short         ; -                   ; open           ; open             ; open   ; 0 in             ; 0 H/in                 ; 0 F/in                 ; short        ; open          ; open            ; open  ; 0 V                 ; -                  ; n/a           ; n/a             ; n/a         ;
; HEX3_out[1]         ; 3.3-V LVTTL  ; 0 in              ; 0 H/in                  ; 0 F/in                  ; short         ; -                   ; open           ; open             ; open   ; 0 in             ; 0 H/in                 ; 0 F/in                 ; short        ; open          ; open            ; open  ; 0 V                 ; -                  ; n/a           ; n/a             ; n/a         ;
; HEX3_out[2]         ; 3.3-V LVTTL  ; 0 in              ; 0 H/in                  ; 0 F/in                  ; short         ; -                   ; open           ; open             ; open   ; 0 in             ; 0 H/in                 ; 0 F/in                 ; short        ; open          ; open            ; open  ; 0 V                 ; -                  ; n/a           ; n/a             ; n/a         ;
; HEX3_out[3]         ; 3.3-V LVTTL  ; 0 in              ; 0 H/in                  ; 0 F/in                  ; short         ; -                   ; open           ; open             ; open   ; 0 in             ; 0 H/in                 ; 0 F/in                 ; short        ; open          ; open            ; open  ; 0 V                 ; -                  ; n/a           ; n/a             ; n/a         ;
; HEX3_out[4]         ; 3.3-V LVTTL  ; 0 in              ; 0 H/in                  ; 0 F/in                  ; short         ; -                   ; open           ; open             ; open   ; 0 in             ; 0 H/in                 ; 0 F/in                 ; short        ; open          ; open            ; open  ; 0 V                 ; -                  ; n/a           ; n/a             ; n/a         ;
; HEX3_out[5]         ; 3.3-V LVTTL  ; 0 in              ; 0 H/in                  ; 0 F/in                  ; short         ; -                   ; open           ; open             ; open   ; 0 in             ; 0 H/in                 ; 0 F/in                 ; short        ; open          ; open            ; open  ; 0 V                 ; -                  ; n/a           ; n/a             ; n/a         ;
; HEX3_out[6]         ; 3.3-V LVTTL  ; 0 in              ; 0 H/in                  ; 0 F/in                  ; short         ; -                   ; open           ; open             ; open   ; 0 in             ; 0 H/in                 ; 0 F/in                 ; short        ; open          ; open            ; open  ; 0 V                 ; -                  ; n/a           ; n/a             ; n/a         ;
; HEX3_out[7]         ; 3.3-V LVTTL  ; 0 in              ; 0 H/in                  ; 0 F/in                  ; short         ; -                   ; open           ; open             ; open   ; 0 in             ; 0 H/in                 ; 0 F/in                 ; short        ; open          ; open            ; open  ; 0 V                 ; -                  ; n/a           ; n/a             ; n/a         ;
; HEX4_out[0]         ; 3.3-V LVTTL  ; 0 in              ; 0 H/in                  ; 0 F/in                  ; short         ; -                   ; open           ; open             ; open   ; 0 in             ; 0 H/in                 ; 0 F/in                 ; short        ; open          ; open            ; open  ; 0 V                 ; -                  ; n/a           ; n/a             ; n/a         ;
; HEX4_out[1]         ; 3.3-V LVTTL  ; 0 in              ; 0 H/in                  ; 0 F/in                  ; short         ; -                   ; open           ; open             ; open   ; 0 in             ; 0 H/in                 ; 0 F/in                 ; short        ; open          ; open            ; open  ; 0 V                 ; -                  ; n/a           ; n/a             ; n/a         ;
; HEX4_out[2]         ; 3.3-V LVTTL  ; 0 in              ; 0 H/in                  ; 0 F/in                  ; short         ; -                   ; open           ; open             ; open   ; 0 in             ; 0 H/in                 ; 0 F/in                 ; short        ; open          ; open            ; open  ; 0 V                 ; -                  ; n/a           ; n/a             ; n/a         ;
; HEX4_out[3]         ; 3.3-V LVTTL  ; 0 in              ; 0 H/in                  ; 0 F/in                  ; short         ; -                   ; open           ; open             ; open   ; 0 in             ; 0 H/in                 ; 0 F/in                 ; short        ; open          ; open            ; open  ; 0 V                 ; -                  ; n/a           ; n/a             ; n/a         ;
; HEX4_out[4]         ; 3.3-V LVTTL  ; 0 in              ; 0 H/in                  ; 0 F/in                  ; short         ; -                   ; open           ; open             ; open   ; 0 in             ; 0 H/in                 ; 0 F/in                 ; short        ; open          ; open            ; open  ; 0 V                 ; -                  ; n/a           ; n/a             ; n/a         ;
; HEX4_out[5]         ; 3.3-V LVTTL  ; 0 in              ; 0 H/in                  ; 0 F/in                  ; short         ; -                   ; open           ; open             ; open   ; 0 in             ; 0 H/in                 ; 0 F/in                 ; short        ; open          ; open            ; open  ; 0 V                 ; -                  ; n/a           ; n/a             ; n/a         ;
; HEX4_out[6]         ; 3.3-V LVTTL  ; 0 in              ; 0 H/in                  ; 0 F/in                  ; short         ; -                   ; open           ; open             ; open   ; 0 in             ; 0 H/in                 ; 0 F/in                 ; short        ; open          ; open            ; open  ; 0 V                 ; -                  ; n/a           ; n/a             ; n/a         ;
; HEX4_out[7]         ; 3.3-V LVTTL  ; 0 in              ; 0 H/in                  ; 0 F/in                  ; short         ; -                   ; open           ; open             ; open   ; 0 in             ; 0 H/in                 ; 0 F/in                 ; short        ; open          ; open            ; open  ; 0 V                 ; -                  ; n/a           ; n/a             ; n/a         ;
; HEX5_out[0]         ; 3.3-V LVTTL  ; 0 in              ; 0 H/in                  ; 0 F/in                  ; short         ; -                   ; open           ; open             ; open   ; 0 in             ; 0 H/in                 ; 0 F/in                 ; short        ; open          ; open            ; open  ; 0 V                 ; -                  ; n/a           ; n/a             ; n/a         ;
; HEX5_out[1]         ; 3.3-V LVTTL  ; 0 in              ; 0 H/in                  ; 0 F/in                  ; short         ; -                   ; open           ; open             ; open   ; 0 in             ; 0 H/in                 ; 0 F/in                 ; short        ; open          ; open            ; open  ; 0 V                 ; -                  ; n/a           ; n/a             ; n/a         ;
; HEX5_out[2]         ; 3.3-V LVTTL  ; 0 in              ; 0 H/in                  ; 0 F/in                  ; short         ; -                   ; open           ; open             ; open   ; 0 in             ; 0 H/in                 ; 0 F/in                 ; short        ; open          ; open            ; open  ; 0 V                 ; -                  ; n/a           ; n/a             ; n/a         ;
; HEX5_out[3]         ; 3.3-V LVTTL  ; 0 in              ; 0 H/in                  ; 0 F/in                  ; short         ; -                   ; open           ; open             ; open   ; 0 in             ; 0 H/in                 ; 0 F/in                 ; short        ; open          ; open            ; open  ; 0 V                 ; -                  ; n/a           ; n/a             ; n/a         ;
; HEX5_out[4]         ; 3.3-V LVTTL  ; 0 in              ; 0 H/in                  ; 0 F/in                  ; short         ; -                   ; open           ; open             ; open   ; 0 in             ; 0 H/in                 ; 0 F/in                 ; short        ; open          ; open            ; open  ; 0 V                 ; -                  ; n/a           ; n/a             ; n/a         ;
; HEX5_out[5]         ; 3.3-V LVTTL  ; 0 in              ; 0 H/in                  ; 0 F/in                  ; short         ; -                   ; open           ; open             ; open   ; 0 in             ; 0 H/in                 ; 0 F/in                 ; short        ; open          ; open            ; open  ; 0 V                 ; -                  ; n/a           ; n/a             ; n/a         ;
; HEX5_out[6]         ; 3.3-V LVTTL  ; 0 in              ; 0 H/in                  ; 0 F/in                  ; short         ; -                   ; open           ; open             ; open   ; 0 in             ; 0 H/in                 ; 0 F/in                 ; short        ; open          ; open            ; open  ; 0 V                 ; -                  ; n/a           ; n/a             ; n/a         ;
; HEX5_out[7]         ; 3.3-V LVTTL  ; 0 in              ; 0 H/in                  ; 0 F/in                  ; short         ; -                   ; open           ; open             ; open   ; 0 in             ; 0 H/in                 ; 0 F/in                 ; short        ; open          ; open            ; open  ; 0 V                 ; -                  ; n/a           ; n/a             ; n/a         ;
; LEDR0_out[0]        ; 3.3-V LVTTL  ; 0 in              ; 0 H/in                  ; 0 F/in                  ; short         ; -                   ; open           ; open             ; open   ; 0 in             ; 0 H/in                 ; 0 F/in                 ; short        ; open          ; open            ; open  ; 0 V                 ; -                  ; n/a           ; n/a             ; n/a         ;
; LEDR0_out[1]        ; 3.3-V LVTTL  ; 0 in              ; 0 H/in                  ; 0 F/in                  ; short         ; -                   ; open           ; open             ; open   ; 0 in             ; 0 H/in                 ; 0 F/in                 ; short        ; open          ; open            ; open  ; 0 V                 ; -                  ; n/a           ; n/a             ; n/a         ;
; LEDR0_out[2]        ; 3.3-V LVTTL  ; 0 in              ; 0 H/in                  ; 0 F/in                  ; short         ; -                   ; open           ; open             ; open   ; 0 in             ; 0 H/in                 ; 0 F/in                 ; short        ; open          ; open            ; open  ; 0 V                 ; -                  ; n/a           ; n/a             ; n/a         ;
; LEDR0_out[3]        ; 3.3-V LVTTL  ; 0 in              ; 0 H/in                  ; 0 F/in                  ; short         ; -                   ; open           ; open             ; open   ; 0 in             ; 0 H/in                 ; 0 F/in                 ; short        ; open          ; open            ; open  ; 0 V                 ; -                  ; n/a           ; n/a             ; n/a         ;
; LEDR0_out[4]        ; 3.3-V LVTTL  ; 0 in              ; 0 H/in                  ; 0 F/in                  ; short         ; -                   ; open           ; open             ; open   ; 0 in             ; 0 H/in                 ; 0 F/in                 ; short        ; open          ; open            ; open  ; 0 V                 ; -                  ; n/a           ; n/a             ; n/a         ;
; LEDR0_out[5]        ; 3.3-V LVTTL  ; 0 in              ; 0 H/in                  ; 0 F/in                  ; short         ; -                   ; open           ; open             ; open   ; 0 in             ; 0 H/in                 ; 0 F/in                 ; short        ; open          ; open            ; open  ; 0 V                 ; -                  ; n/a           ; n/a             ; n/a         ;
; LEDR0_out[6]        ; 3.3-V LVTTL  ; 0 in              ; 0 H/in                  ; 0 F/in                  ; short         ; -                   ; open           ; open             ; open   ; 0 in             ; 0 H/in                 ; 0 F/in                 ; short        ; open          ; open            ; open  ; 0 V                 ; -                  ; n/a           ; n/a             ; n/a         ;
; LEDR0_out[7]        ; 3.3-V LVTTL  ; 0 in              ; 0 H/in                  ; 0 F/in                  ; short         ; -                   ; open           ; open             ; open   ; 0 in             ; 0 H/in                 ; 0 F/in                 ; short        ; open          ; open            ; open  ; 0 V                 ; -                  ; n/a           ; n/a             ; n/a         ;
; LEDR1_out[0]        ; 3.3-V LVTTL  ; 0 in              ; 0 H/in                  ; 0 F/in                  ; short         ; -                   ; open           ; open             ; open   ; 0 in             ; 0 H/in                 ; 0 F/in                 ; short        ; open          ; open            ; open  ; 0 V                 ; -                  ; n/a           ; n/a             ; n/a         ;
; LEDR1_out[1]        ; 3.3-V LVTTL  ; 0 in              ; 0 H/in                  ; 0 F/in                  ; short         ; -                   ; open           ; open             ; open   ; 0 in             ; 0 H/in                 ; 0 F/in                 ; short        ; open          ; open            ; open  ; 0 V                 ; -                  ; n/a           ; n/a             ; n/a         ;
; TXD                 ; 3.3-V LVTTL  ; 0 in              ; 0 H/in                  ; 0 F/in                  ; short         ; -                   ; open           ; open             ; open   ; 0 in             ; 0 H/in                 ; 0 F/in                 ; short        ; open          ; open            ; open  ; 0 V                 ; -                  ; n/a           ; n/a             ; n/a         ;
; GSENSOR_SCLK        ; 3.3-V LVTTL  ; 0 in              ; 0 H/in                  ; 0 F/in                  ; short         ; -                   ; open           ; open             ; open   ; 0 in             ; 0 H/in                 ; 0 F/in                 ; short        ; open          ; open            ; open  ; 0 V                 ; -                  ; n/a           ; n/a             ; n/a         ;
; GSENSOR_SDI         ; 3.3-V LVTTL  ; 0 in              ; 0 H/in                  ; 0 F/in                  ; short         ; -                   ; open           ; open             ; open   ; 0 in             ; 0 H/in                 ; 0 F/in                 ; short        ; open          ; open            ; open  ; 0 V                 ; -                  ; n/a           ; n/a             ; n/a         ;
; GSENSOR_CS_n        ; 3.3-V LVTTL  ; 0 in              ; 0 H/in                  ; 0 F/in                  ; short         ; -                   ; open           ; open             ; open   ; 0 in             ; 0 H/in                 ; 0 F/in                 ; short        ; open          ; open            ; open  ; 0 V                 ; -                  ; n/a           ; n/a             ; n/a         ;
; P0[0]               ; 3.3-V LVTTL  ; 0 in              ; 0 H/in                  ; 0 F/in                  ; short         ; -                   ; open           ; open             ; open   ; 0 in             ; 0 H/in                 ; 0 F/in                 ; short        ; open          ; open            ; open  ; 0 V                 ; -                  ; n/a           ; n/a             ; n/a         ;
; P0[1]               ; 3.3-V LVTTL  ; 0 in              ; 0 H/in                  ; 0 F/in                  ; short         ; -                   ; open           ; open             ; open   ; 0 in             ; 0 H/in                 ; 0 F/in                 ; short        ; open          ; open            ; open  ; 0 V                 ; -                  ; n/a           ; n/a             ; n/a         ;
; P0[2]               ; 3.3-V LVTTL  ; 0 in              ; 0 H/in                  ; 0 F/in                  ; short         ; -                   ; open           ; open             ; open   ; 0 in             ; 0 H/in                 ; 0 F/in                 ; short        ; open          ; open            ; open  ; 0 V                 ; -                  ; n/a           ; n/a             ; n/a         ;
; P0[3]               ; 3.3-V LVTTL  ; 0 in              ; 0 H/in                  ; 0 F/in                  ; short         ; -                   ; open           ; open             ; open   ; 0 in             ; 0 H/in                 ; 0 F/in                 ; short        ; open          ; open            ; open  ; 0 V                 ; -                  ; n/a           ; n/a             ; n/a         ;
; P0[4]               ; 3.3-V LVTTL  ; 0 in              ; 0 H/in                  ; 0 F/in                  ; short         ; -                   ; open           ; open             ; open   ; 0 in             ; 0 H/in                 ; 0 F/in                 ; short        ; open          ; open            ; open  ; 0 V                 ; -                  ; n/a           ; n/a             ; n/a         ;
; P0[5]               ; 3.3-V LVTTL  ; 0 in              ; 0 H/in                  ; 0 F/in                  ; short         ; -                   ; open           ; open             ; open   ; 0 in             ; 0 H/in                 ; 0 F/in                 ; short        ; open          ; open            ; open  ; 0 V                 ; -                  ; n/a           ; n/a             ; n/a         ;
; P0[6]               ; 3.3-V LVTTL  ; 0 in              ; 0 H/in                  ; 0 F/in                  ; short         ; -                   ; open           ; open             ; open   ; 0 in             ; 0 H/in                 ; 0 F/in                 ; short        ; open          ; open            ; open  ; 0 V                 ; -                  ; n/a           ; n/a             ; n/a         ;
; P0[7]               ; 3.3-V LVTTL  ; 0 in              ; 0 H/in                  ; 0 F/in                  ; short         ; -                   ; open           ; open             ; open   ; 0 in             ; 0 H/in                 ; 0 F/in                 ; short        ; open          ; open            ; open  ; 0 V                 ; -                  ; n/a           ; n/a             ; n/a         ;
; P1[0]               ; 3.3-V LVTTL  ; 0 in              ; 0 H/in                  ; 0 F/in                  ; short         ; -                   ; open           ; open             ; open   ; 0 in             ; 0 H/in                 ; 0 F/in                 ; short        ; open          ; open            ; open  ; 0 V                 ; -                  ; n/a           ; n/a             ; n/a         ;
; P1[1]               ; 3.3-V LVTTL  ; 0 in              ; 0 H/in                  ; 0 F/in                  ; short         ; -                   ; open           ; open             ; open   ; 0 in             ; 0 H/in                 ; 0 F/in                 ; short        ; open          ; open            ; open  ; 0 V                 ; -                  ; n/a           ; n/a             ; n/a         ;
; P1[2]               ; 3.3-V LVTTL  ; 0 in              ; 0 H/in                  ; 0 F/in                  ; short         ; -                   ; open           ; open             ; open   ; 0 in             ; 0 H/in                 ; 0 F/in                 ; short        ; open          ; open            ; open  ; 0 V                 ; -                  ; n/a           ; n/a             ; n/a         ;
; P1[3]               ; 3.3-V LVTTL  ; 0 in              ; 0 H/in                  ; 0 F/in                  ; short         ; -                   ; open           ; open             ; open   ; 0 in             ; 0 H/in                 ; 0 F/in                 ; short        ; open          ; open            ; open  ; 0 V                 ; -                  ; n/a           ; n/a             ; n/a         ;
; P1[4]               ; 3.3-V LVTTL  ; 0 in              ; 0 H/in                  ; 0 F/in                  ; short         ; -                   ; open           ; open             ; open   ; 0 in             ; 0 H/in                 ; 0 F/in                 ; short        ; open          ; open            ; open  ; 0 V                 ; -                  ; n/a           ; n/a             ; n/a         ;
; P1[5]               ; 3.3-V LVTTL  ; 0 in              ; 0 H/in                  ; 0 F/in                  ; short         ; -                   ; open           ; open             ; open   ; 0 in             ; 0 H/in                 ; 0 F/in                 ; short        ; open          ; open            ; open  ; 0 V                 ; -                  ; n/a           ; n/a             ; n/a         ;
; P1[6]               ; 3.3-V LVTTL  ; 0 in              ; 0 H/in                  ; 0 F/in                  ; short         ; -                   ; open           ; open             ; open   ; 0 in             ; 0 H/in                 ; 0 F/in                 ; short        ; open          ; open            ; open  ; 0 V                 ; -                  ; n/a           ; n/a             ; n/a         ;
; P1[7]               ; 3.3-V LVTTL  ; 0 in              ; 0 H/in                  ; 0 F/in                  ; short         ; -                   ; open           ; open             ; open   ; 0 in             ; 0 H/in                 ; 0 F/in                 ; short        ; open          ; open            ; open  ; 0 V                 ; -                  ; n/a           ; n/a             ; n/a         ;
; P2[0]               ; 3.3-V LVTTL  ; 0 in              ; 0 H/in                  ; 0 F/in                  ; short         ; -                   ; open           ; open             ; open   ; 0 in             ; 0 H/in                 ; 0 F/in                 ; short        ; open          ; open            ; open  ; 0 V                 ; -                  ; n/a           ; n/a             ; n/a         ;
; P2[1]               ; 3.3-V LVTTL  ; 0 in              ; 0 H/in                  ; 0 F/in                  ; short         ; -                   ; open           ; open             ; open   ; 0 in             ; 0 H/in                 ; 0 F/in                 ; short        ; open          ; open            ; open  ; 0 V                 ; -                  ; n/a           ; n/a             ; n/a         ;
; P2[2]               ; 3.3-V LVTTL  ; 0 in              ; 0 H/in                  ; 0 F/in                  ; short         ; -                   ; open           ; open             ; open   ; 0 in             ; 0 H/in                 ; 0 F/in                 ; short        ; open          ; open            ; open  ; 0 V                 ; -                  ; n/a           ; n/a             ; n/a         ;
; P2[3]               ; 3.3-V LVTTL  ; 0 in              ; 0 H/in                  ; 0 F/in                  ; short         ; -                   ; open           ; open             ; open   ; 0 in             ; 0 H/in                 ; 0 F/in                 ; short        ; open          ; open            ; open  ; 0 V                 ; -                  ; n/a           ; n/a             ; n/a         ;
; P2[4]               ; 3.3-V LVTTL  ; 0 in              ; 0 H/in                  ; 0 F/in                  ; short         ; -                   ; open           ; open             ; open   ; 0 in             ; 0 H/in                 ; 0 F/in                 ; short        ; open          ; open            ; open  ; 0 V                 ; -                  ; n/a           ; n/a             ; n/a         ;
; P2[5]               ; 3.3-V LVTTL  ; 0 in              ; 0 H/in                  ; 0 F/in                  ; short         ; -                   ; open           ; open             ; open   ; 0 in             ; 0 H/in                 ; 0 F/in                 ; short        ; open          ; open            ; open  ; 0 V                 ; -                  ; n/a           ; n/a             ; n/a         ;
; P2[6]               ; 3.3-V LVTTL  ; 0 in              ; 0 H/in                  ; 0 F/in                  ; short         ; -                   ; open           ; open             ; open   ; 0 in             ; 0 H/in                 ; 0 F/in                 ; short        ; open          ; open            ; open  ; 0 V                 ; -                  ; n/a           ; n/a             ; n/a         ;
; P2[7]               ; 3.3-V LVTTL  ; 0 in              ; 0 H/in                  ; 0 F/in                  ; short         ; -                   ; open           ; open             ; open   ; 0 in             ; 0 H/in                 ; 0 F/in                 ; short        ; open          ; open            ; open  ; 0 V                 ; -                  ; n/a           ; n/a             ; n/a         ;
; P3[0]               ; 3.3-V LVTTL  ; 0 in              ; 0 H/in                  ; 0 F/in                  ; short         ; -                   ; open           ; open             ; open   ; 0 in             ; 0 H/in                 ; 0 F/in                 ; short        ; open          ; open            ; open  ; 0 V                 ; -                  ; n/a           ; n/a             ; n/a         ;
; P3[1]               ; 3.3-V LVTTL  ; 0 in              ; 0 H/in                  ; 0 F/in                  ; short         ; -                   ; open           ; open             ; open   ; 0 in             ; 0 H/in                 ; 0 F/in                 ; short        ; open          ; open            ; open  ; 0 V                 ; -                  ; n/a           ; n/a             ; n/a         ;
; P3[2]               ; 3.3-V LVTTL  ; 0 in              ; 0 H/in                  ; 0 F/in                  ; short         ; -                   ; open           ; open             ; open   ; 0 in             ; 0 H/in                 ; 0 F/in                 ; short        ; open          ; open            ; open  ; 0 V                 ; -                  ; n/a           ; n/a             ; n/a         ;
; P3[3]               ; 3.3-V LVTTL  ; 0 in              ; 0 H/in                  ; 0 F/in                  ; short         ; -                   ; open           ; open             ; open   ; 0 in             ; 0 H/in                 ; 0 F/in                 ; short        ; open          ; open            ; open  ; 0 V                 ; -                  ; n/a           ; n/a             ; n/a         ;
; P3[4]               ; 3.3-V LVTTL  ; 0 in              ; 0 H/in                  ; 0 F/in                  ; short         ; -                   ; open           ; open             ; open   ; 0 in             ; 0 H/in                 ; 0 F/in                 ; short        ; open          ; open            ; open  ; 0 V                 ; -                  ; n/a           ; n/a             ; n/a         ;
; P3[5]               ; 3.3-V LVTTL  ; 0 in              ; 0 H/in                  ; 0 F/in                  ; short         ; -                   ; open           ; open             ; open   ; 0 in             ; 0 H/in                 ; 0 F/in                 ; short        ; open          ; open            ; open  ; 0 V                 ; -                  ; n/a           ; n/a             ; n/a         ;
; P3[6]               ; 3.3-V LVTTL  ; 0 in              ; 0 H/in                  ; 0 F/in                  ; short         ; -                   ; open           ; open             ; open   ; 0 in             ; 0 H/in                 ; 0 F/in                 ; short        ; open          ; open            ; open  ; 0 V                 ; -                  ; n/a           ; n/a             ; n/a         ;
; P3[7]               ; 3.3-V LVTTL  ; 0 in              ; 0 H/in                  ; 0 F/in                  ; short         ; -                   ; open           ; open             ; open   ; 0 in             ; 0 H/in                 ; 0 F/in                 ; short        ; open          ; open            ; open  ; 0 V                 ; -                  ; n/a           ; n/a             ; n/a         ;
; P4[0]               ; 3.3-V LVTTL  ; 0 in              ; 0 H/in                  ; 0 F/in                  ; short         ; -                   ; open           ; open             ; open   ; 0 in             ; 0 H/in                 ; 0 F/in                 ; short        ; open          ; open            ; open  ; 0 V                 ; -                  ; n/a           ; n/a             ; n/a         ;
; P4[1]               ; 3.3-V LVTTL  ; 0 in              ; 0 H/in                  ; 0 F/in                  ; short         ; -                   ; open           ; open             ; open   ; 0 in             ; 0 H/in                 ; 0 F/in                 ; short        ; open          ; open            ; open  ; 0 V                 ; -                  ; n/a           ; n/a             ; n/a         ;
; P4[2]               ; 3.3-V LVTTL  ; 0 in              ; 0 H/in                  ; 0 F/in                  ; short         ; -                   ; open           ; open             ; open   ; 0 in             ; 0 H/in                 ; 0 F/in                 ; short        ; open          ; open            ; open  ; 0 V                 ; -                  ; n/a           ; n/a             ; n/a         ;
; P4[3]               ; 3.3-V LVTTL  ; 0 in              ; 0 H/in                  ; 0 F/in                  ; short         ; -                   ; open           ; open             ; open   ; 0 in             ; 0 H/in                 ; 0 F/in                 ; short        ; open          ; open            ; open  ; 0 V                 ; -                  ; n/a           ; n/a             ; n/a         ;
; P4[4]               ; 3.3-V LVTTL  ; 0 in              ; 0 H/in                  ; 0 F/in                  ; short         ; -                   ; open           ; open             ; open   ; 0 in             ; 0 H/in                 ; 0 F/in                 ; short        ; open          ; open            ; open  ; 0 V                 ; -                  ; n/a           ; n/a             ; n/a         ;
; P4[5]               ; 3.3-V LVTTL  ; 0 in              ; 0 H/in                  ; 0 F/in                  ; short         ; -                   ; open           ; open             ; open   ; 0 in             ; 0 H/in                 ; 0 F/in                 ; short        ; open          ; open            ; open  ; 0 V                 ; -                  ; n/a           ; n/a             ; n/a         ;
; P4[6]               ; 3.3-V LVTTL  ; 0 in              ; 0 H/in                  ; 0 F/in                  ; short         ; -                   ; open           ; open             ; open   ; 0 in             ; 0 H/in                 ; 0 F/in                 ; short        ; open          ; open            ; open  ; 0 V                 ; -                  ; n/a           ; n/a             ; n/a         ;
; P4[7]               ; 3.3-V LVTTL  ; 0 in              ; 0 H/in                  ; 0 F/in                  ; short         ; -                   ; open           ; open             ; open   ; 0 in             ; 0 H/in                 ; 0 F/in                 ; short        ; open          ; open            ; open  ; 0 V                 ; -                  ; n/a           ; n/a             ; n/a         ;
; altera_reserved_tdo ; 2.5 V        ; 0 in              ; 0 H/in                  ; 0 F/in                  ; short         ; -                   ; open           ; open             ; open   ; 0 in             ; 0 H/in                 ; 0 F/in                 ; short        ; open          ; open            ; open  ; 0 V                 ; -                  ; n/a           ; n/a             ; n/a         ;
+---------------------+--------------+-------------------+-------------------------+-------------------------+---------------+---------------------+----------------+------------------+--------+------------------+------------------------+------------------------+--------------+---------------+-----------------+-------+---------------------+--------------------+---------------+-----------------+-------------+


+---------------------------------------------------------------------------------+
; Input Transition Times                                                          ;
+---------------------+-----------------------+-----------------+-----------------+
; Pin                 ; I/O Standard          ; 10-90 Rise Time ; 90-10 Fall Time ;
+---------------------+-----------------------+-----------------+-----------------+
; P0[0]               ; 3.3-V LVTTL           ; 2640 ps         ; 2640 ps         ;
; P0[1]               ; 3.3-V LVTTL           ; 2640 ps         ; 2640 ps         ;
; P0[2]               ; 3.3-V LVTTL           ; 2640 ps         ; 2640 ps         ;
; P0[3]               ; 3.3-V LVTTL           ; 2640 ps         ; 2640 ps         ;
; P0[4]               ; 3.3-V LVTTL           ; 2640 ps         ; 2640 ps         ;
; P0[5]               ; 3.3-V LVTTL           ; 2640 ps         ; 2640 ps         ;
; P0[6]               ; 3.3-V LVTTL           ; 2640 ps         ; 2640 ps         ;
; P0[7]               ; 3.3-V LVTTL           ; 2640 ps         ; 2640 ps         ;
; P1[0]               ; 3.3-V LVTTL           ; 2640 ps         ; 2640 ps         ;
; P1[1]               ; 3.3-V LVTTL           ; 2640 ps         ; 2640 ps         ;
; P1[2]               ; 3.3-V LVTTL           ; 2640 ps         ; 2640 ps         ;
; P1[3]               ; 3.3-V LVTTL           ; 2640 ps         ; 2640 ps         ;
; P1[4]               ; 3.3-V LVTTL           ; 2640 ps         ; 2640 ps         ;
; P1[5]               ; 3.3-V LVTTL           ; 2640 ps         ; 2640 ps         ;
; P1[6]               ; 3.3-V LVTTL           ; 2640 ps         ; 2640 ps         ;
; P1[7]               ; 3.3-V LVTTL           ; 2640 ps         ; 2640 ps         ;
; P2[0]               ; 3.3-V LVTTL           ; 2640 ps         ; 2640 ps         ;
; P2[1]               ; 3.3-V LVTTL           ; 2640 ps         ; 2640 ps         ;
; P2[2]               ; 3.3-V LVTTL           ; 2640 ps         ; 2640 ps         ;
; P2[3]               ; 3.3-V LVTTL           ; 2640 ps         ; 2640 ps         ;
; P2[4]               ; 3.3-V LVTTL           ; 2640 ps         ; 2640 ps         ;
; P2[5]               ; 3.3-V LVTTL           ; 2640 ps         ; 2640 ps         ;
; P2[6]               ; 3.3-V LVTTL           ; 2640 ps         ; 2640 ps         ;
; P2[7]               ; 3.3-V LVTTL           ; 2640 ps         ; 2640 ps         ;
; P3[0]               ; 3.3-V LVTTL           ; 2640 ps         ; 2640 ps         ;
; P3[1]               ; 3.3-V LVTTL           ; 2640 ps         ; 2640 ps         ;
; P3[2]               ; 3.3-V LVTTL           ; 2640 ps         ; 2640 ps         ;
; P3[3]               ; 3.3-V LVTTL           ; 2640 ps         ; 2640 ps         ;
; P3[4]               ; 3.3-V LVTTL           ; 2640 ps         ; 2640 ps         ;
; P3[5]               ; 3.3-V LVTTL           ; 2640 ps         ; 2640 ps         ;
; P3[6]               ; 3.3-V LVTTL           ; 2640 ps         ; 2640 ps         ;
; P3[7]               ; 3.3-V LVTTL           ; 2640 ps         ; 2640 ps         ;
; P4[0]               ; 3.3-V LVTTL           ; 2640 ps         ; 2640 ps         ;
; P4[1]               ; 3.3-V LVTTL           ; 2640 ps         ; 2640 ps         ;
; P4[2]               ; 3.3-V LVTTL           ; 2640 ps         ; 2640 ps         ;
; P4[3]               ; 3.3-V LVTTL           ; 2640 ps         ; 2640 ps         ;
; P4[4]               ; 3.3-V LVTTL           ; 2640 ps         ; 2640 ps         ;
; P4[5]               ; 3.3-V LVTTL           ; 2640 ps         ; 2640 ps         ;
; P4[6]               ; 3.3-V LVTTL           ; 2640 ps         ; 2640 ps         ;
; P4[7]               ; 3.3-V LVTTL           ; 2640 ps         ; 2640 ps         ;
; RstIn               ; 3.3-V LVTTL           ; 2640 ps         ; 2640 ps         ;
; CLOCK_50            ; 3.3-V LVTTL           ; 2640 ps         ; 2640 ps         ;
; LEDR0_in[2]         ; 3.3-V LVTTL           ; 2640 ps         ; 2640 ps         ;
; KEY[1]              ; 3.3-V LVTTL           ; 2640 ps         ; 2640 ps         ;
; LEDR1_in[1]         ; 3.3-V LVTTL           ; 2640 ps         ; 2640 ps         ;
; LEDR0_in[1]         ; 3.3-V LVTTL           ; 2640 ps         ; 2640 ps         ;
; KEY[0]              ; 3.3-V LVTTL           ; 2640 ps         ; 2640 ps         ;
; LEDR1_in[0]         ; 3.3-V LVTTL           ; 2640 ps         ; 2640 ps         ;
; LEDR0_in[0]         ; 3.3-V LVTTL           ; 2640 ps         ; 2640 ps         ;
; LEDR0_in[3]         ; 3.3-V LVTTL           ; 2640 ps         ; 2640 ps         ;
; KEY[2]              ; 3.3-V LVTTL           ; 2640 ps         ; 2640 ps         ;
; LEDR0_in[4]         ; 3.3-V LVTTL           ; 2640 ps         ; 2640 ps         ;
; KEY[3]              ; 3.3-V LVTTL           ; 2640 ps         ; 2640 ps         ;
; LEDR0_in[5]         ; 3.3-V LVTTL           ; 2640 ps         ; 2640 ps         ;
; GSENSOR_SDO         ; 3.3-V LVTTL           ; 2640 ps         ; 2640 ps         ;
; LEDR0_in[6]         ; 3.3-V LVTTL           ; 2640 ps         ; 2640 ps         ;
; GSENSOR_INT1        ; 3.3-V LVTTL           ; 2640 ps         ; 2640 ps         ;
; LEDR0_in[7]         ; 3.3-V LVTTL           ; 2640 ps         ; 2640 ps         ;
; GSENSOR_INT2        ; 3.3-V LVTTL           ; 2640 ps         ; 2640 ps         ;
; RXD                 ; 3.3-V LVTTL           ; 2640 ps         ; 2640 ps         ;
; INT0                ; 3.3-V LVTTL           ; 2640 ps         ; 2640 ps         ;
; INT1                ; 3.3-V LVTTL           ; 2640 ps         ; 2640 ps         ;
; T2EX                ; 3.3-V LVTTL           ; 2640 ps         ; 2640 ps         ;
; T2                  ; 3.3-V LVTTL           ; 2640 ps         ; 2640 ps         ;
; T1                  ; 3.3-V LVTTL           ; 2640 ps         ; 2640 ps         ;
; T0                  ; 3.3-V LVTTL           ; 2640 ps         ; 2640 ps         ;
; altera_reserved_tms ; 2.5 V Schmitt Trigger ; 2000 ps         ; 2000 ps         ;
; altera_reserved_tck ; 2.5 V Schmitt Trigger ; 2000 ps         ; 2000 ps         ;
; altera_reserved_tdi ; 2.5 V Schmitt Trigger ; 2000 ps         ; 2000 ps         ;
; ~ALTERA_CONFIG_SEL~ ; 2.5 V                 ; 2000 ps         ; 2000 ps         ;
; ~ALTERA_nCONFIG~    ; 2.5 V Schmitt Trigger ; 2000 ps         ; 2000 ps         ;
; ~ALTERA_nSTATUS~    ; 2.5 V Schmitt Trigger ; 2000 ps         ; 2000 ps         ;
; ~ALTERA_CONF_DONE~  ; 2.5 V Schmitt Trigger ; 2000 ps         ; 2000 ps         ;
; ~ALTERA_ADC1IN1~    ; 2.5 V                 ; 2000 ps         ; 2000 ps         ;
; ~ALTERA_ADC2IN1~    ; 2.5 V                 ; 2000 ps         ; 2000 ps         ;
; ~ALTERA_ADC1IN2~    ; 2.5 V                 ; 2000 ps         ; 2000 ps         ;
; ~ALTERA_ADC2IN8~    ; 2.5 V                 ; 2000 ps         ; 2000 ps         ;
; ~ALTERA_ADC1IN3~    ; 2.5 V                 ; 2000 ps         ; 2000 ps         ;
; ~ALTERA_ADC2IN3~    ; 2.5 V                 ; 2000 ps         ; 2000 ps         ;
; ~ALTERA_ADC1IN4~    ; 2.5 V                 ; 2000 ps         ; 2000 ps         ;
; ~ALTERA_ADC2IN4~    ; 2.5 V                 ; 2000 ps         ; 2000 ps         ;
; ~ALTERA_ADC1IN5~    ; 2.5 V                 ; 2000 ps         ; 2000 ps         ;
; ~ALTERA_ADC2IN5~    ; 2.5 V                 ; 2000 ps         ; 2000 ps         ;
; ~ALTERA_ADC1IN6~    ; 2.5 V                 ; 2000 ps         ; 2000 ps         ;
; ~ALTERA_ADC2IN6~    ; 2.5 V                 ; 2000 ps         ; 2000 ps         ;
; ~ALTERA_ADC1IN7~    ; 2.5 V                 ; 2000 ps         ; 2000 ps         ;
; ~ALTERA_ADC2IN7~    ; 2.5 V                 ; 2000 ps         ; 2000 ps         ;
; ~ALTERA_ADC1IN8~    ; 2.5 V                 ; 2000 ps         ; 2000 ps         ;
; ~ALTERA_ADC2IN2~    ; 2.5 V                 ; 2000 ps         ; 2000 ps         ;
+---------------------+-----------------------+-----------------+-----------------+


+--------------------------------------------------------------------------------------------------------------------------------------------------------------------------------------------------------------------------------------------------------------------------------------------------------------------------------------------------------------------------------------------------------------------------------------------------------------------------------------------------------------------------------------------------------------------------------------------------------------------------------------------------------------------------------------------------+
; Signal Integrity Metrics (Slow 1200mv 0c Model)                                                                                                                                                                                                                                                                                                                                                                                                                                                                                                                                                                                                                                                  ;
+---------------------+--------------+---------------------+---------------------+------------------------------+------------------------------+---------------------+---------------------+--------------------------------------+--------------------------------------+-----------------------------+-----------------------------+----------------------------+----------------------------+-----------------------------+-----------------------------+--------------------+--------------------+-------------------------------------+-------------------------------------+----------------------------+----------------------------+---------------------------+---------------------------+
; Pin                 ; I/O Standard ; Board Delay on Rise ; Board Delay on Fall ; Steady State Voh at FPGA Pin ; Steady State Vol at FPGA Pin ; Voh Max at FPGA Pin ; Vol Min at FPGA Pin ; Ringback Voltage on Rise at FPGA Pin ; Ringback Voltage on Fall at FPGA Pin ; 10-90 Rise Time at FPGA Pin ; 90-10 Fall Time at FPGA Pin ; Monotonic Rise at FPGA Pin ; Monotonic Fall at FPGA Pin ; Steady State Voh at Far-end ; Steady State Vol at Far-end ; Voh Max at Far-end ; Vol Min at Far-end ; Ringback Voltage on Rise at Far-end ; Ringback Voltage on Fall at Far-end ; 10-90 Rise Time at Far-end ; 90-10 Fall Time at Far-end ; Monotonic Rise at Far-end ; Monotonic Fall at Far-end ;
+---------------------+--------------+---------------------+---------------------+------------------------------+------------------------------+---------------------+---------------------+--------------------------------------+--------------------------------------+-----------------------------+-----------------------------+----------------------------+----------------------------+-----------------------------+-----------------------------+--------------------+--------------------+-------------------------------------+-------------------------------------+----------------------------+----------------------------+---------------------------+---------------------------+
; GNDKEY2             ; 3.3-V LVTTL  ; 0 s                 ; 0 s                 ; 3.08 V                       ; 3.73e-08 V                   ; 3.2 V               ; -0.128 V            ; 0.219 V                              ; 0.346 V                              ; 4.45e-10 s                  ; 4.51e-10 s                  ; No                         ; No                         ; 3.08 V                      ; 3.73e-08 V                  ; 3.2 V              ; -0.128 V           ; 0.219 V                             ; 0.346 V                             ; 4.45e-10 s                 ; 4.51e-10 s                 ; No                        ; No                        ;
; GNDKEY3             ; 3.3-V LVTTL  ; 0 s                 ; 0 s                 ; 3.08 V                       ; 3.73e-08 V                   ; 3.2 V               ; -0.128 V            ; 0.219 V                              ; 0.346 V                              ; 4.45e-10 s                  ; 4.51e-10 s                  ; No                         ; No                         ; 3.08 V                      ; 3.73e-08 V                  ; 3.2 V              ; -0.128 V           ; 0.219 V                             ; 0.346 V                             ; 4.45e-10 s                 ; 4.51e-10 s                 ; No                        ; No                        ;
; HEX0_out[0]         ; 3.3-V LVTTL  ; 0 s                 ; 0 s                 ; 3.08 V                       ; 3.73e-08 V                   ; 3.2 V               ; -0.127 V            ; 0.219 V                              ; 0.346 V                              ; 4.45e-10 s                  ; 4.51e-10 s                  ; No                         ; No                         ; 3.08 V                      ; 3.73e-08 V                  ; 3.2 V              ; -0.127 V           ; 0.219 V                             ; 0.346 V                             ; 4.45e-10 s                 ; 4.51e-10 s                 ; No                        ; No                        ;
; HEX0_out[1]         ; 3.3-V LVTTL  ; 0 s                 ; 0 s                 ; 3.08 V                       ; 3.73e-08 V                   ; 3.2 V               ; -0.128 V            ; 0.219 V                              ; 0.346 V                              ; 4.45e-10 s                  ; 4.51e-10 s                  ; No                         ; No                         ; 3.08 V                      ; 3.73e-08 V                  ; 3.2 V              ; -0.128 V           ; 0.219 V                             ; 0.346 V                             ; 4.45e-10 s                 ; 4.51e-10 s                 ; No                        ; No                        ;
; HEX0_out[2]         ; 3.3-V LVTTL  ; 0 s                 ; 0 s                 ; 3.08 V                       ; 3.73e-08 V                   ; 3.2 V               ; -0.128 V            ; 0.219 V                              ; 0.346 V                              ; 4.45e-10 s                  ; 4.51e-10 s                  ; No                         ; No                         ; 3.08 V                      ; 3.73e-08 V                  ; 3.2 V              ; -0.128 V           ; 0.219 V                             ; 0.346 V                             ; 4.45e-10 s                 ; 4.51e-10 s                 ; No                        ; No                        ;
; HEX0_out[3]         ; 3.3-V LVTTL  ; 0 s                 ; 0 s                 ; 3.08 V                       ; 3.73e-08 V                   ; 3.2 V               ; -0.127 V            ; 0.219 V                              ; 0.346 V                              ; 4.45e-10 s                  ; 4.51e-10 s                  ; No                         ; No                         ; 3.08 V                      ; 3.73e-08 V                  ; 3.2 V              ; -0.127 V           ; 0.219 V                             ; 0.346 V                             ; 4.45e-10 s                 ; 4.51e-10 s                 ; No                        ; No                        ;
; HEX0_out[4]         ; 3.3-V LVTTL  ; 0 s                 ; 0 s                 ; 3.08 V                       ; 3.73e-08 V                   ; 3.2 V               ; -0.127 V            ; 0.219 V                              ; 0.346 V                              ; 4.45e-10 s                  ; 4.51e-10 s                  ; No                         ; No                         ; 3.08 V                      ; 3.73e-08 V                  ; 3.2 V              ; -0.127 V           ; 0.219 V                             ; 0.346 V                             ; 4.45e-10 s                 ; 4.51e-10 s                 ; No                        ; No                        ;
; HEX0_out[5]         ; 3.3-V LVTTL  ; 0 s                 ; 0 s                 ; 3.08 V                       ; 3.73e-08 V                   ; 3.2 V               ; -0.127 V            ; 0.219 V                              ; 0.346 V                              ; 4.45e-10 s                  ; 4.51e-10 s                  ; No                         ; No                         ; 3.08 V                      ; 3.73e-08 V                  ; 3.2 V              ; -0.127 V           ; 0.219 V                             ; 0.346 V                             ; 4.45e-10 s                 ; 4.51e-10 s                 ; No                        ; No                        ;
; HEX0_out[6]         ; 3.3-V LVTTL  ; 0 s                 ; 0 s                 ; 3.08 V                       ; 3.73e-08 V                   ; 3.2 V               ; -0.128 V            ; 0.219 V                              ; 0.346 V                              ; 4.45e-10 s                  ; 4.51e-10 s                  ; No                         ; No                         ; 3.08 V                      ; 3.73e-08 V                  ; 3.2 V              ; -0.128 V           ; 0.219 V                             ; 0.346 V                             ; 4.45e-10 s                 ; 4.51e-10 s                 ; No                        ; No                        ;
; HEX0_out[7]         ; 3.3-V LVTTL  ; 0 s                 ; 0 s                 ; 3.08 V                       ; 3.73e-08 V                   ; 3.2 V               ; -0.127 V            ; 0.219 V                              ; 0.346 V                              ; 4.45e-10 s                  ; 4.51e-10 s                  ; No                         ; No                         ; 3.08 V                      ; 3.73e-08 V                  ; 3.2 V              ; -0.127 V           ; 0.219 V                             ; 0.346 V                             ; 4.45e-10 s                 ; 4.51e-10 s                 ; No                        ; No                        ;
; HEX1_out[0]         ; 3.3-V LVTTL  ; 0 s                 ; 0 s                 ; 3.08 V                       ; 3.73e-08 V                   ; 3.2 V               ; -0.127 V            ; 0.219 V                              ; 0.346 V                              ; 4.45e-10 s                  ; 4.51e-10 s                  ; No                         ; No                         ; 3.08 V                      ; 3.73e-08 V                  ; 3.2 V              ; -0.127 V           ; 0.219 V                             ; 0.346 V                             ; 4.45e-10 s                 ; 4.51e-10 s                 ; No                        ; No                        ;
; HEX1_out[1]         ; 3.3-V LVTTL  ; 0 s                 ; 0 s                 ; 3.08 V                       ; 3.73e-08 V                   ; 3.2 V               ; -0.127 V            ; 0.219 V                              ; 0.346 V                              ; 4.45e-10 s                  ; 4.51e-10 s                  ; No                         ; No                         ; 3.08 V                      ; 3.73e-08 V                  ; 3.2 V              ; -0.127 V           ; 0.219 V                             ; 0.346 V                             ; 4.45e-10 s                 ; 4.51e-10 s                 ; No                        ; No                        ;
; HEX1_out[2]         ; 3.3-V LVTTL  ; 0 s                 ; 0 s                 ; 3.08 V                       ; 3.73e-08 V                   ; 3.2 V               ; -0.128 V            ; 0.219 V                              ; 0.346 V                              ; 4.45e-10 s                  ; 4.51e-10 s                  ; No                         ; No                         ; 3.08 V                      ; 3.73e-08 V                  ; 3.2 V              ; -0.128 V           ; 0.219 V                             ; 0.346 V                             ; 4.45e-10 s                 ; 4.51e-10 s                 ; No                        ; No                        ;
; HEX1_out[3]         ; 3.3-V LVTTL  ; 0 s                 ; 0 s                 ; 3.08 V                       ; 3.73e-08 V                   ; 3.2 V               ; -0.127 V            ; 0.219 V                              ; 0.346 V                              ; 4.45e-10 s                  ; 4.51e-10 s                  ; No                         ; No                         ; 3.08 V                      ; 3.73e-08 V                  ; 3.2 V              ; -0.127 V           ; 0.219 V                             ; 0.346 V                             ; 4.45e-10 s                 ; 4.51e-10 s                 ; No                        ; No                        ;
; HEX1_out[4]         ; 3.3-V LVTTL  ; 0 s                 ; 0 s                 ; 3.08 V                       ; 3.73e-08 V                   ; 3.2 V               ; -0.128 V            ; 0.219 V                              ; 0.346 V                              ; 4.45e-10 s                  ; 4.51e-10 s                  ; No                         ; No                         ; 3.08 V                      ; 3.73e-08 V                  ; 3.2 V              ; -0.128 V           ; 0.219 V                             ; 0.346 V                             ; 4.45e-10 s                 ; 4.51e-10 s                 ; No                        ; No                        ;
; HEX1_out[5]         ; 3.3-V LVTTL  ; 0 s                 ; 0 s                 ; 3.08 V                       ; 3.73e-08 V                   ; 3.2 V               ; -0.127 V            ; 0.219 V                              ; 0.346 V                              ; 4.45e-10 s                  ; 4.51e-10 s                  ; No                         ; No                         ; 3.08 V                      ; 3.73e-08 V                  ; 3.2 V              ; -0.127 V           ; 0.219 V                             ; 0.346 V                             ; 4.45e-10 s                 ; 4.51e-10 s                 ; No                        ; No                        ;
; HEX1_out[6]         ; 3.3-V LVTTL  ; 0 s                 ; 0 s                 ; 3.08 V                       ; 3.73e-08 V                   ; 3.2 V               ; -0.128 V            ; 0.219 V                              ; 0.346 V                              ; 4.45e-10 s                  ; 4.51e-10 s                  ; No                         ; No                         ; 3.08 V                      ; 3.73e-08 V                  ; 3.2 V              ; -0.128 V           ; 0.219 V                             ; 0.346 V                             ; 4.45e-10 s                 ; 4.51e-10 s                 ; No                        ; No                        ;
; HEX1_out[7]         ; 3.3-V LVTTL  ; 0 s                 ; 0 s                 ; 3.08 V                       ; 3.73e-08 V                   ; 3.2 V               ; -0.128 V            ; 0.219 V                              ; 0.346 V                              ; 4.45e-10 s                  ; 4.51e-10 s                  ; No                         ; No                         ; 3.08 V                      ; 3.73e-08 V                  ; 3.2 V              ; -0.128 V           ; 0.219 V                             ; 0.346 V                             ; 4.45e-10 s                 ; 4.51e-10 s                 ; No                        ; No                        ;
; HEX2_out[0]         ; 3.3-V LVTTL  ; 0 s                 ; 0 s                 ; 3.08 V                       ; 3.73e-08 V                   ; 3.2 V               ; -0.127 V            ; 0.219 V                              ; 0.346 V                              ; 4.45e-10 s                  ; 4.51e-10 s                  ; No                         ; No                         ; 3.08 V                      ; 3.73e-08 V                  ; 3.2 V              ; -0.127 V           ; 0.219 V                             ; 0.346 V                             ; 4.45e-10 s                 ; 4.51e-10 s                 ; No                        ; No                        ;
; HEX2_out[1]         ; 3.3-V LVTTL  ; 0 s                 ; 0 s                 ; 3.08 V                       ; 3.73e-08 V                   ; 3.2 V               ; -0.127 V            ; 0.219 V                              ; 0.346 V                              ; 4.45e-10 s                  ; 4.51e-10 s                  ; No                         ; No                         ; 3.08 V                      ; 3.73e-08 V                  ; 3.2 V              ; -0.127 V           ; 0.219 V                             ; 0.346 V                             ; 4.45e-10 s                 ; 4.51e-10 s                 ; No                        ; No                        ;
; HEX2_out[2]         ; 3.3-V LVTTL  ; 0 s                 ; 0 s                 ; 3.08 V                       ; 3.73e-08 V                   ; 3.2 V               ; -0.128 V            ; 0.219 V                              ; 0.346 V                              ; 4.45e-10 s                  ; 4.51e-10 s                  ; No                         ; No                         ; 3.08 V                      ; 3.73e-08 V                  ; 3.2 V              ; -0.128 V           ; 0.219 V                             ; 0.346 V                             ; 4.45e-10 s                 ; 4.51e-10 s                 ; No                        ; No                        ;
; HEX2_out[3]         ; 3.3-V LVTTL  ; 0 s                 ; 0 s                 ; 3.08 V                       ; 3.73e-08 V                   ; 3.2 V               ; -0.128 V            ; 0.219 V                              ; 0.346 V                              ; 4.45e-10 s                  ; 4.51e-10 s                  ; No                         ; No                         ; 3.08 V                      ; 3.73e-08 V                  ; 3.2 V              ; -0.128 V           ; 0.219 V                             ; 0.346 V                             ; 4.45e-10 s                 ; 4.51e-10 s                 ; No                        ; No                        ;
; HEX2_out[4]         ; 3.3-V LVTTL  ; 0 s                 ; 0 s                 ; 3.08 V                       ; 3.73e-08 V                   ; 3.2 V               ; -0.128 V            ; 0.219 V                              ; 0.346 V                              ; 4.45e-10 s                  ; 4.51e-10 s                  ; No                         ; No                         ; 3.08 V                      ; 3.73e-08 V                  ; 3.2 V              ; -0.128 V           ; 0.219 V                             ; 0.346 V                             ; 4.45e-10 s                 ; 4.51e-10 s                 ; No                        ; No                        ;
; HEX2_out[5]         ; 3.3-V LVTTL  ; 0 s                 ; 0 s                 ; 3.08 V                       ; 3.73e-08 V                   ; 3.2 V               ; -0.128 V            ; 0.219 V                              ; 0.346 V                              ; 4.45e-10 s                  ; 4.51e-10 s                  ; No                         ; No                         ; 3.08 V                      ; 3.73e-08 V                  ; 3.2 V              ; -0.128 V           ; 0.219 V                             ; 0.346 V                             ; 4.45e-10 s                 ; 4.51e-10 s                 ; No                        ; No                        ;
; HEX2_out[6]         ; 3.3-V LVTTL  ; 0 s                 ; 0 s                 ; 3.08 V                       ; 3.73e-08 V                   ; 3.2 V               ; -0.127 V            ; 0.219 V                              ; 0.346 V                              ; 4.45e-10 s                  ; 4.51e-10 s                  ; No                         ; No                         ; 3.08 V                      ; 3.73e-08 V                  ; 3.2 V              ; -0.127 V           ; 0.219 V                             ; 0.346 V                             ; 4.45e-10 s                 ; 4.51e-10 s                 ; No                        ; No                        ;
; HEX2_out[7]         ; 3.3-V LVTTL  ; 0 s                 ; 0 s                 ; 3.08 V                       ; 3.73e-08 V                   ; 3.2 V               ; -0.128 V            ; 0.219 V                              ; 0.346 V                              ; 4.45e-10 s                  ; 4.51e-10 s                  ; No                         ; No                         ; 3.08 V                      ; 3.73e-08 V                  ; 3.2 V              ; -0.128 V           ; 0.219 V                             ; 0.346 V                             ; 4.45e-10 s                 ; 4.51e-10 s                 ; No                        ; No                        ;
; HEX3_out[0]         ; 3.3-V LVTTL  ; 0 s                 ; 0 s                 ; 3.08 V                       ; 3.73e-08 V                   ; 3.2 V               ; -0.127 V            ; 0.219 V                              ; 0.346 V                              ; 4.45e-10 s                  ; 4.51e-10 s                  ; No                         ; No                         ; 3.08 V                      ; 3.73e-08 V                  ; 3.2 V              ; -0.127 V           ; 0.219 V                             ; 0.346 V                             ; 4.45e-10 s                 ; 4.51e-10 s                 ; No                        ; No                        ;
; HEX3_out[1]         ; 3.3-V LVTTL  ; 0 s                 ; 0 s                 ; 3.08 V                       ; 3.73e-08 V                   ; 3.2 V               ; -0.127 V            ; 0.219 V                              ; 0.346 V                              ; 4.45e-10 s                  ; 4.51e-10 s                  ; No                         ; No                         ; 3.08 V                      ; 3.73e-08 V                  ; 3.2 V              ; -0.127 V           ; 0.219 V                             ; 0.346 V                             ; 4.45e-10 s                 ; 4.51e-10 s                 ; No                        ; No                        ;
; HEX3_out[2]         ; 3.3-V LVTTL  ; 0 s                 ; 0 s                 ; 3.08 V                       ; 3.73e-08 V                   ; 3.2 V               ; -0.128 V            ; 0.219 V                              ; 0.346 V                              ; 4.45e-10 s                  ; 4.51e-10 s                  ; No                         ; No                         ; 3.08 V                      ; 3.73e-08 V                  ; 3.2 V              ; -0.128 V           ; 0.219 V                             ; 0.346 V                             ; 4.45e-10 s                 ; 4.51e-10 s                 ; No                        ; No                        ;
; HEX3_out[3]         ; 3.3-V LVTTL  ; 0 s                 ; 0 s                 ; 3.08 V                       ; 3.73e-08 V                   ; 3.2 V               ; -0.127 V            ; 0.219 V                              ; 0.346 V                              ; 4.45e-10 s                  ; 4.51e-10 s                  ; No                         ; No                         ; 3.08 V                      ; 3.73e-08 V                  ; 3.2 V              ; -0.127 V           ; 0.219 V                             ; 0.346 V                             ; 4.45e-10 s                 ; 4.51e-10 s                 ; No                        ; No                        ;
; HEX3_out[4]         ; 3.3-V LVTTL  ; 0 s                 ; 0 s                 ; 3.08 V                       ; 3.73e-08 V                   ; 3.2 V               ; -0.127 V            ; 0.219 V                              ; 0.346 V                              ; 4.45e-10 s                  ; 4.51e-10 s                  ; No                         ; No                         ; 3.08 V                      ; 3.73e-08 V                  ; 3.2 V              ; -0.127 V           ; 0.219 V                             ; 0.346 V                             ; 4.45e-10 s                 ; 4.51e-10 s                 ; No                        ; No                        ;
; HEX3_out[5]         ; 3.3-V LVTTL  ; 0 s                 ; 0 s                 ; 3.08 V                       ; 3.73e-08 V                   ; 3.2 V               ; -0.128 V            ; 0.219 V                              ; 0.346 V                              ; 4.45e-10 s                  ; 4.51e-10 s                  ; No                         ; No                         ; 3.08 V                      ; 3.73e-08 V                  ; 3.2 V              ; -0.128 V           ; 0.219 V                             ; 0.346 V                             ; 4.45e-10 s                 ; 4.51e-10 s                 ; No                        ; No                        ;
; HEX3_out[6]         ; 3.3-V LVTTL  ; 0 s                 ; 0 s                 ; 3.08 V                       ; 3.73e-08 V                   ; 3.2 V               ; -0.128 V            ; 0.219 V                              ; 0.346 V                              ; 4.45e-10 s                  ; 4.51e-10 s                  ; No                         ; No                         ; 3.08 V                      ; 3.73e-08 V                  ; 3.2 V              ; -0.128 V           ; 0.219 V                             ; 0.346 V                             ; 4.45e-10 s                 ; 4.51e-10 s                 ; No                        ; No                        ;
; HEX3_out[7]         ; 3.3-V LVTTL  ; 0 s                 ; 0 s                 ; 3.08 V                       ; 3.73e-08 V                   ; 3.2 V               ; -0.127 V            ; 0.219 V                              ; 0.346 V                              ; 4.45e-10 s                  ; 4.51e-10 s                  ; No                         ; No                         ; 3.08 V                      ; 3.73e-08 V                  ; 3.2 V              ; -0.127 V           ; 0.219 V                             ; 0.346 V                             ; 4.45e-10 s                 ; 4.51e-10 s                 ; No                        ; No                        ;
; HEX4_out[0]         ; 3.3-V LVTTL  ; 0 s                 ; 0 s                 ; 3.08 V                       ; 3.73e-08 V                   ; 3.2 V               ; -0.128 V            ; 0.219 V                              ; 0.346 V                              ; 4.45e-10 s                  ; 4.51e-10 s                  ; No                         ; No                         ; 3.08 V                      ; 3.73e-08 V                  ; 3.2 V              ; -0.128 V           ; 0.219 V                             ; 0.346 V                             ; 4.45e-10 s                 ; 4.51e-10 s                 ; No                        ; No                        ;
; HEX4_out[1]         ; 3.3-V LVTTL  ; 0 s                 ; 0 s                 ; 3.08 V                       ; 3.73e-08 V                   ; 3.2 V               ; -0.128 V            ; 0.219 V                              ; 0.346 V                              ; 4.45e-10 s                  ; 4.51e-10 s                  ; No                         ; No                         ; 3.08 V                      ; 3.73e-08 V                  ; 3.2 V              ; -0.128 V           ; 0.219 V                             ; 0.346 V                             ; 4.45e-10 s                 ; 4.51e-10 s                 ; No                        ; No                        ;
; HEX4_out[2]         ; 3.3-V LVTTL  ; 0 s                 ; 0 s                 ; 3.08 V                       ; 3.73e-08 V                   ; 3.2 V               ; -0.127 V            ; 0.219 V                              ; 0.346 V                              ; 4.45e-10 s                  ; 4.51e-10 s                  ; No                         ; No                         ; 3.08 V                      ; 3.73e-08 V                  ; 3.2 V              ; -0.127 V           ; 0.219 V                             ; 0.346 V                             ; 4.45e-10 s                 ; 4.51e-10 s                 ; No                        ; No                        ;
; HEX4_out[3]         ; 3.3-V LVTTL  ; 0 s                 ; 0 s                 ; 3.08 V                       ; 3.73e-08 V                   ; 3.2 V               ; -0.128 V            ; 0.219 V                              ; 0.346 V                              ; 4.45e-10 s                  ; 4.51e-10 s                  ; No                         ; No                         ; 3.08 V                      ; 3.73e-08 V                  ; 3.2 V              ; -0.128 V           ; 0.219 V                             ; 0.346 V                             ; 4.45e-10 s                 ; 4.51e-10 s                 ; No                        ; No                        ;
; HEX4_out[4]         ; 3.3-V LVTTL  ; 0 s                 ; 0 s                 ; 3.08 V                       ; 3.73e-08 V                   ; 3.2 V               ; -0.127 V            ; 0.219 V                              ; 0.346 V                              ; 4.45e-10 s                  ; 4.51e-10 s                  ; No                         ; No                         ; 3.08 V                      ; 3.73e-08 V                  ; 3.2 V              ; -0.127 V           ; 0.219 V                             ; 0.346 V                             ; 4.45e-10 s                 ; 4.51e-10 s                 ; No                        ; No                        ;
; HEX4_out[5]         ; 3.3-V LVTTL  ; 0 s                 ; 0 s                 ; 3.08 V                       ; 3.73e-08 V                   ; 3.2 V               ; -0.127 V            ; 0.219 V                              ; 0.346 V                              ; 4.45e-10 s                  ; 4.51e-10 s                  ; No                         ; No                         ; 3.08 V                      ; 3.73e-08 V                  ; 3.2 V              ; -0.127 V           ; 0.219 V                             ; 0.346 V                             ; 4.45e-10 s                 ; 4.51e-10 s                 ; No                        ; No                        ;
; HEX4_out[6]         ; 3.3-V LVTTL  ; 0 s                 ; 0 s                 ; 3.08 V                       ; 3.73e-08 V                   ; 3.2 V               ; -0.128 V            ; 0.219 V                              ; 0.346 V                              ; 4.45e-10 s                  ; 4.51e-10 s                  ; No                         ; No                         ; 3.08 V                      ; 3.73e-08 V                  ; 3.2 V              ; -0.128 V           ; 0.219 V                             ; 0.346 V                             ; 4.45e-10 s                 ; 4.51e-10 s                 ; No                        ; No                        ;
; HEX4_out[7]         ; 3.3-V LVTTL  ; 0 s                 ; 0 s                 ; 3.08 V                       ; 3.73e-08 V                   ; 3.2 V               ; -0.127 V            ; 0.219 V                              ; 0.346 V                              ; 4.45e-10 s                  ; 4.51e-10 s                  ; No                         ; No                         ; 3.08 V                      ; 3.73e-08 V                  ; 3.2 V              ; -0.127 V           ; 0.219 V                             ; 0.346 V                             ; 4.45e-10 s                 ; 4.51e-10 s                 ; No                        ; No                        ;
; HEX5_out[0]         ; 3.3-V LVTTL  ; 0 s                 ; 0 s                 ; 3.08 V                       ; 3.73e-08 V                   ; 3.2 V               ; -0.127 V            ; 0.219 V                              ; 0.346 V                              ; 4.45e-10 s                  ; 4.51e-10 s                  ; No                         ; No                         ; 3.08 V                      ; 3.73e-08 V                  ; 3.2 V              ; -0.127 V           ; 0.219 V                             ; 0.346 V                             ; 4.45e-10 s                 ; 4.51e-10 s                 ; No                        ; No                        ;
; HEX5_out[1]         ; 3.3-V LVTTL  ; 0 s                 ; 0 s                 ; 3.08 V                       ; 3.73e-08 V                   ; 3.2 V               ; -0.128 V            ; 0.219 V                              ; 0.346 V                              ; 4.45e-10 s                  ; 4.51e-10 s                  ; No                         ; No                         ; 3.08 V                      ; 3.73e-08 V                  ; 3.2 V              ; -0.128 V           ; 0.219 V                             ; 0.346 V                             ; 4.45e-10 s                 ; 4.51e-10 s                 ; No                        ; No                        ;
; HEX5_out[2]         ; 3.3-V LVTTL  ; 0 s                 ; 0 s                 ; 3.08 V                       ; 3.73e-08 V                   ; 3.2 V               ; -0.128 V            ; 0.219 V                              ; 0.346 V                              ; 4.45e-10 s                  ; 4.51e-10 s                  ; No                         ; No                         ; 3.08 V                      ; 3.73e-08 V                  ; 3.2 V              ; -0.128 V           ; 0.219 V                             ; 0.346 V                             ; 4.45e-10 s                 ; 4.51e-10 s                 ; No                        ; No                        ;
; HEX5_out[3]         ; 3.3-V LVTTL  ; 0 s                 ; 0 s                 ; 3.08 V                       ; 3.73e-08 V                   ; 3.2 V               ; -0.127 V            ; 0.219 V                              ; 0.346 V                              ; 4.45e-10 s                  ; 4.51e-10 s                  ; No                         ; No                         ; 3.08 V                      ; 3.73e-08 V                  ; 3.2 V              ; -0.127 V           ; 0.219 V                             ; 0.346 V                             ; 4.45e-10 s                 ; 4.51e-10 s                 ; No                        ; No                        ;
; HEX5_out[4]         ; 3.3-V LVTTL  ; 0 s                 ; 0 s                 ; 3.08 V                       ; 3.73e-08 V                   ; 3.2 V               ; -0.127 V            ; 0.219 V                              ; 0.346 V                              ; 4.45e-10 s                  ; 4.51e-10 s                  ; No                         ; No                         ; 3.08 V                      ; 3.73e-08 V                  ; 3.2 V              ; -0.127 V           ; 0.219 V                             ; 0.346 V                             ; 4.45e-10 s                 ; 4.51e-10 s                 ; No                        ; No                        ;
; HEX5_out[5]         ; 3.3-V LVTTL  ; 0 s                 ; 0 s                 ; 3.08 V                       ; 3.73e-08 V                   ; 3.2 V               ; -0.128 V            ; 0.219 V                              ; 0.346 V                              ; 4.45e-10 s                  ; 4.51e-10 s                  ; No                         ; No                         ; 3.08 V                      ; 3.73e-08 V                  ; 3.2 V              ; -0.128 V           ; 0.219 V                             ; 0.346 V                             ; 4.45e-10 s                 ; 4.51e-10 s                 ; No                        ; No                        ;
; HEX5_out[6]         ; 3.3-V LVTTL  ; 0 s                 ; 0 s                 ; 3.08 V                       ; 3.73e-08 V                   ; 3.2 V               ; -0.128 V            ; 0.219 V                              ; 0.346 V                              ; 4.45e-10 s                  ; 4.51e-10 s                  ; No                         ; No                         ; 3.08 V                      ; 3.73e-08 V                  ; 3.2 V              ; -0.128 V           ; 0.219 V                             ; 0.346 V                             ; 4.45e-10 s                 ; 4.51e-10 s                 ; No                        ; No                        ;
; HEX5_out[7]         ; 3.3-V LVTTL  ; 0 s                 ; 0 s                 ; 3.08 V                       ; 3.73e-08 V                   ; 3.2 V               ; -0.127 V            ; 0.219 V                              ; 0.346 V                              ; 4.45e-10 s                  ; 4.51e-10 s                  ; No                         ; No                         ; 3.08 V                      ; 3.73e-08 V                  ; 3.2 V              ; -0.127 V           ; 0.219 V                             ; 0.346 V                             ; 4.45e-10 s                 ; 4.51e-10 s                 ; No                        ; No                        ;
; LEDR0_out[0]        ; 3.3-V LVTTL  ; 0 s                 ; 0 s                 ; 3.08 V                       ; 3.73e-08 V                   ; 3.2 V               ; -0.128 V            ; 0.219 V                              ; 0.346 V                              ; 4.45e-10 s                  ; 4.51e-10 s                  ; No                         ; No                         ; 3.08 V                      ; 3.73e-08 V                  ; 3.2 V              ; -0.128 V           ; 0.219 V                             ; 0.346 V                             ; 4.45e-10 s                 ; 4.51e-10 s                 ; No                        ; No                        ;
; LEDR0_out[1]        ; 3.3-V LVTTL  ; 0 s                 ; 0 s                 ; 3.08 V                       ; 3.73e-08 V                   ; 3.2 V               ; -0.127 V            ; 0.219 V                              ; 0.346 V                              ; 4.45e-10 s                  ; 4.51e-10 s                  ; No                         ; No                         ; 3.08 V                      ; 3.73e-08 V                  ; 3.2 V              ; -0.127 V           ; 0.219 V                             ; 0.346 V                             ; 4.45e-10 s                 ; 4.51e-10 s                 ; No                        ; No                        ;
; LEDR0_out[2]        ; 3.3-V LVTTL  ; 0 s                 ; 0 s                 ; 3.08 V                       ; 3.73e-08 V                   ; 3.2 V               ; -0.128 V            ; 0.219 V                              ; 0.346 V                              ; 4.45e-10 s                  ; 4.51e-10 s                  ; No                         ; No                         ; 3.08 V                      ; 3.73e-08 V                  ; 3.2 V              ; -0.128 V           ; 0.219 V                             ; 0.346 V                             ; 4.45e-10 s                 ; 4.51e-10 s                 ; No                        ; No                        ;
; LEDR0_out[3]        ; 3.3-V LVTTL  ; 0 s                 ; 0 s                 ; 3.08 V                       ; 3.73e-08 V                   ; 3.2 V               ; -0.127 V            ; 0.219 V                              ; 0.346 V                              ; 4.45e-10 s                  ; 4.51e-10 s                  ; No                         ; No                         ; 3.08 V                      ; 3.73e-08 V                  ; 3.2 V              ; -0.127 V           ; 0.219 V                             ; 0.346 V                             ; 4.45e-10 s                 ; 4.51e-10 s                 ; No                        ; No                        ;
; LEDR0_out[4]        ; 3.3-V LVTTL  ; 0 s                 ; 0 s                 ; 3.08 V                       ; 3.73e-08 V                   ; 3.2 V               ; -0.128 V            ; 0.219 V                              ; 0.346 V                              ; 4.45e-10 s                  ; 4.51e-10 s                  ; No                         ; No                         ; 3.08 V                      ; 3.73e-08 V                  ; 3.2 V              ; -0.128 V           ; 0.219 V                             ; 0.346 V                             ; 4.45e-10 s                 ; 4.51e-10 s                 ; No                        ; No                        ;
; LEDR0_out[5]        ; 3.3-V LVTTL  ; 0 s                 ; 0 s                 ; 3.08 V                       ; 3.73e-08 V                   ; 3.2 V               ; -0.128 V            ; 0.219 V                              ; 0.346 V                              ; 4.45e-10 s                  ; 4.51e-10 s                  ; No                         ; No                         ; 3.08 V                      ; 3.73e-08 V                  ; 3.2 V              ; -0.128 V           ; 0.219 V                             ; 0.346 V                             ; 4.45e-10 s                 ; 4.51e-10 s                 ; No                        ; No                        ;
; LEDR0_out[6]        ; 3.3-V LVTTL  ; 0 s                 ; 0 s                 ; 3.08 V                       ; 3.73e-08 V                   ; 3.2 V               ; -0.128 V            ; 0.219 V                              ; 0.346 V                              ; 4.45e-10 s                  ; 4.51e-10 s                  ; No                         ; No                         ; 3.08 V                      ; 3.73e-08 V                  ; 3.2 V              ; -0.128 V           ; 0.219 V                             ; 0.346 V                             ; 4.45e-10 s                 ; 4.51e-10 s                 ; No                        ; No                        ;
; LEDR0_out[7]        ; 3.3-V LVTTL  ; 0 s                 ; 0 s                 ; 3.08 V                       ; 3.73e-08 V                   ; 3.2 V               ; -0.127 V            ; 0.219 V                              ; 0.346 V                              ; 4.45e-10 s                  ; 4.51e-10 s                  ; No                         ; No                         ; 3.08 V                      ; 3.73e-08 V                  ; 3.2 V              ; -0.127 V           ; 0.219 V                             ; 0.346 V                             ; 4.45e-10 s                 ; 4.51e-10 s                 ; No                        ; No                        ;
; LEDR1_out[0]        ; 3.3-V LVTTL  ; 0 s                 ; 0 s                 ; 3.08 V                       ; 3.73e-08 V                   ; 3.2 V               ; -0.127 V            ; 0.219 V                              ; 0.346 V                              ; 4.45e-10 s                  ; 4.51e-10 s                  ; No                         ; No                         ; 3.08 V                      ; 3.73e-08 V                  ; 3.2 V              ; -0.127 V           ; 0.219 V                             ; 0.346 V                             ; 4.45e-10 s                 ; 4.51e-10 s                 ; No                        ; No                        ;
; LEDR1_out[1]        ; 3.3-V LVTTL  ; 0 s                 ; 0 s                 ; 3.08 V                       ; 3.73e-08 V                   ; 3.2 V               ; -0.128 V            ; 0.219 V                              ; 0.346 V                              ; 4.45e-10 s                  ; 4.51e-10 s                  ; No                         ; No                         ; 3.08 V                      ; 3.73e-08 V                  ; 3.2 V              ; -0.128 V           ; 0.219 V                             ; 0.346 V                             ; 4.45e-10 s                 ; 4.51e-10 s                 ; No                        ; No                        ;
; TXD                 ; 3.3-V LVTTL  ; 0 s                 ; 0 s                 ; 3.08 V                       ; 3.73e-08 V                   ; 3.2 V               ; -0.128 V            ; 0.219 V                              ; 0.346 V                              ; 4.45e-10 s                  ; 4.51e-10 s                  ; No                         ; No                         ; 3.08 V                      ; 3.73e-08 V                  ; 3.2 V              ; -0.128 V           ; 0.219 V                             ; 0.346 V                             ; 4.45e-10 s                 ; 4.51e-10 s                 ; No                        ; No                        ;
; GSENSOR_SCLK        ; 3.3-V LVTTL  ; 0 s                 ; 0 s                 ; 3.08 V                       ; 3.73e-08 V                   ; 3.2 V               ; -0.127 V            ; 0.219 V                              ; 0.346 V                              ; 4.45e-10 s                  ; 4.51e-10 s                  ; No                         ; No                         ; 3.08 V                      ; 3.73e-08 V                  ; 3.2 V              ; -0.127 V           ; 0.219 V                             ; 0.346 V                             ; 4.45e-10 s                 ; 4.51e-10 s                 ; No                        ; No                        ;
; GSENSOR_SDI         ; 3.3-V LVTTL  ; 0 s                 ; 0 s                 ; 3.08 V                       ; 3.73e-08 V                   ; 3.2 V               ; -0.118 V            ; 0.262 V                              ; 0.424 V                              ; 4.61e-10 s                  ; 4.9e-10 s                   ; No                         ; No                         ; 3.08 V                      ; 3.73e-08 V                  ; 3.2 V              ; -0.118 V           ; 0.262 V                             ; 0.424 V                             ; 4.61e-10 s                 ; 4.9e-10 s                  ; No                        ; No                        ;
; GSENSOR_CS_n        ; 3.3-V LVTTL  ; 0 s                 ; 0 s                 ; 3.08 V                       ; 3.73e-08 V                   ; 3.2 V               ; -0.128 V            ; 0.219 V                              ; 0.346 V                              ; 4.45e-10 s                  ; 4.51e-10 s                  ; No                         ; No                         ; 3.08 V                      ; 3.73e-08 V                  ; 3.2 V              ; -0.128 V           ; 0.219 V                             ; 0.346 V                             ; 4.45e-10 s                 ; 4.51e-10 s                 ; No                        ; No                        ;
; P0[0]               ; 3.3-V LVTTL  ; 0 s                 ; 0 s                 ; 3.08 V                       ; 3.73e-08 V                   ; 3.2 V               ; -0.117 V            ; 0.262 V                              ; 0.424 V                              ; 4.61e-10 s                  ; 4.88e-10 s                  ; No                         ; No                         ; 3.08 V                      ; 3.73e-08 V                  ; 3.2 V              ; -0.117 V           ; 0.262 V                             ; 0.424 V                             ; 4.61e-10 s                 ; 4.88e-10 s                 ; No                        ; No                        ;
; P0[1]               ; 3.3-V LVTTL  ; 0 s                 ; 0 s                 ; 3.08 V                       ; 3.73e-08 V                   ; 3.2 V               ; -0.117 V            ; 0.262 V                              ; 0.424 V                              ; 4.61e-10 s                  ; 4.88e-10 s                  ; No                         ; No                         ; 3.08 V                      ; 3.73e-08 V                  ; 3.2 V              ; -0.117 V           ; 0.262 V                             ; 0.424 V                             ; 4.61e-10 s                 ; 4.88e-10 s                 ; No                        ; No                        ;
; P0[2]               ; 3.3-V LVTTL  ; 0 s                 ; 0 s                 ; 3.08 V                       ; 3.73e-08 V                   ; 3.2 V               ; -0.118 V            ; 0.262 V                              ; 0.424 V                              ; 4.61e-10 s                  ; 4.9e-10 s                   ; No                         ; No                         ; 3.08 V                      ; 3.73e-08 V                  ; 3.2 V              ; -0.118 V           ; 0.262 V                             ; 0.424 V                             ; 4.61e-10 s                 ; 4.9e-10 s                  ; No                        ; No                        ;
; P0[3]               ; 3.3-V LVTTL  ; 0 s                 ; 0 s                 ; 3.08 V                       ; 3.73e-08 V                   ; 3.2 V               ; -0.118 V            ; 0.262 V                              ; 0.424 V                              ; 4.61e-10 s                  ; 4.9e-10 s                   ; No                         ; No                         ; 3.08 V                      ; 3.73e-08 V                  ; 3.2 V              ; -0.118 V           ; 0.262 V                             ; 0.424 V                             ; 4.61e-10 s                 ; 4.9e-10 s                  ; No                        ; No                        ;
; P0[4]               ; 3.3-V LVTTL  ; 0 s                 ; 0 s                 ; 3.08 V                       ; 3.73e-08 V                   ; 3.2 V               ; -0.117 V            ; 0.262 V                              ; 0.424 V                              ; 4.61e-10 s                  ; 4.88e-10 s                  ; No                         ; No                         ; 3.08 V                      ; 3.73e-08 V                  ; 3.2 V              ; -0.117 V           ; 0.262 V                             ; 0.424 V                             ; 4.61e-10 s                 ; 4.88e-10 s                 ; No                        ; No                        ;
; P0[5]               ; 3.3-V LVTTL  ; 0 s                 ; 0 s                 ; 3.08 V                       ; 3.73e-08 V                   ; 3.2 V               ; -0.117 V            ; 0.262 V                              ; 0.424 V                              ; 4.61e-10 s                  ; 4.88e-10 s                  ; No                         ; No                         ; 3.08 V                      ; 3.73e-08 V                  ; 3.2 V              ; -0.117 V           ; 0.262 V                             ; 0.424 V                             ; 4.61e-10 s                 ; 4.88e-10 s                 ; No                        ; No                        ;
; P0[6]               ; 3.3-V LVTTL  ; 0 s                 ; 0 s                 ; 3.08 V                       ; 3.73e-08 V                   ; 3.2 V               ; -0.118 V            ; 0.262 V                              ; 0.424 V                              ; 4.61e-10 s                  ; 4.9e-10 s                   ; No                         ; No                         ; 3.08 V                      ; 3.73e-08 V                  ; 3.2 V              ; -0.118 V           ; 0.262 V                             ; 0.424 V                             ; 4.61e-10 s                 ; 4.9e-10 s                  ; No                        ; No                        ;
; P0[7]               ; 3.3-V LVTTL  ; 0 s                 ; 0 s                 ; 3.08 V                       ; 3.73e-08 V                   ; 3.2 V               ; -0.118 V            ; 0.262 V                              ; 0.424 V                              ; 4.61e-10 s                  ; 4.9e-10 s                   ; No                         ; No                         ; 3.08 V                      ; 3.73e-08 V                  ; 3.2 V              ; -0.118 V           ; 0.262 V                             ; 0.424 V                             ; 4.61e-10 s                 ; 4.9e-10 s                  ; No                        ; No                        ;
; P1[0]               ; 3.3-V LVTTL  ; 0 s                 ; 0 s                 ; 3.08 V                       ; 3.73e-08 V                   ; 3.2 V               ; -0.117 V            ; 0.262 V                              ; 0.424 V                              ; 4.61e-10 s                  ; 4.88e-10 s                  ; No                         ; No                         ; 3.08 V                      ; 3.73e-08 V                  ; 3.2 V              ; -0.117 V           ; 0.262 V                             ; 0.424 V                             ; 4.61e-10 s                 ; 4.88e-10 s                 ; No                        ; No                        ;
; P1[1]               ; 3.3-V LVTTL  ; 0 s                 ; 0 s                 ; 3.08 V                       ; 3.73e-08 V                   ; 3.2 V               ; -0.127 V            ; 0.219 V                              ; 0.346 V                              ; 4.45e-10 s                  ; 4.51e-10 s                  ; No                         ; No                         ; 3.08 V                      ; 3.73e-08 V                  ; 3.2 V              ; -0.127 V           ; 0.219 V                             ; 0.346 V                             ; 4.45e-10 s                 ; 4.51e-10 s                 ; No                        ; No                        ;
; P1[2]               ; 3.3-V LVTTL  ; 0 s                 ; 0 s                 ; 3.08 V                       ; 3.73e-08 V                   ; 3.2 V               ; -0.118 V            ; 0.262 V                              ; 0.424 V                              ; 4.61e-10 s                  ; 4.9e-10 s                   ; No                         ; No                         ; 3.08 V                      ; 3.73e-08 V                  ; 3.2 V              ; -0.118 V           ; 0.262 V                             ; 0.424 V                             ; 4.61e-10 s                 ; 4.9e-10 s                  ; No                        ; No                        ;
; P1[3]               ; 3.3-V LVTTL  ; 0 s                 ; 0 s                 ; 3.08 V                       ; 3.73e-08 V                   ; 3.2 V               ; -0.128 V            ; 0.219 V                              ; 0.346 V                              ; 4.45e-10 s                  ; 4.51e-10 s                  ; No                         ; No                         ; 3.08 V                      ; 3.73e-08 V                  ; 3.2 V              ; -0.128 V           ; 0.219 V                             ; 0.346 V                             ; 4.45e-10 s                 ; 4.51e-10 s                 ; No                        ; No                        ;
; P1[4]               ; 3.3-V LVTTL  ; 0 s                 ; 0 s                 ; 3.08 V                       ; 3.73e-08 V                   ; 3.2 V               ; -0.128 V            ; 0.219 V                              ; 0.346 V                              ; 4.45e-10 s                  ; 4.51e-10 s                  ; No                         ; No                         ; 3.08 V                      ; 3.73e-08 V                  ; 3.2 V              ; -0.128 V           ; 0.219 V                             ; 0.346 V                             ; 4.45e-10 s                 ; 4.51e-10 s                 ; No                        ; No                        ;
; P1[5]               ; 3.3-V LVTTL  ; 0 s                 ; 0 s                 ; 3.08 V                       ; 3.73e-08 V                   ; 3.2 V               ; -0.127 V            ; 0.219 V                              ; 0.346 V                              ; 4.45e-10 s                  ; 4.51e-10 s                  ; No                         ; No                         ; 3.08 V                      ; 3.73e-08 V                  ; 3.2 V              ; -0.127 V           ; 0.219 V                             ; 0.346 V                             ; 4.45e-10 s                 ; 4.51e-10 s                 ; No                        ; No                        ;
; P1[6]               ; 3.3-V LVTTL  ; 0 s                 ; 0 s                 ; 3.08 V                       ; 3.73e-08 V                   ; 3.2 V               ; -0.128 V            ; 0.219 V                              ; 0.346 V                              ; 4.45e-10 s                  ; 4.51e-10 s                  ; No                         ; No                         ; 3.08 V                      ; 3.73e-08 V                  ; 3.2 V              ; -0.128 V           ; 0.219 V                             ; 0.346 V                             ; 4.45e-10 s                 ; 4.51e-10 s                 ; No                        ; No                        ;
; P1[7]               ; 3.3-V LVTTL  ; 0 s                 ; 0 s                 ; 3.08 V                       ; 3.73e-08 V                   ; 3.2 V               ; -0.127 V            ; 0.219 V                              ; 0.346 V                              ; 4.45e-10 s                  ; 4.51e-10 s                  ; No                         ; No                         ; 3.08 V                      ; 3.73e-08 V                  ; 3.2 V              ; -0.127 V           ; 0.219 V                             ; 0.346 V                             ; 4.45e-10 s                 ; 4.51e-10 s                 ; No                        ; No                        ;
; P2[0]               ; 3.3-V LVTTL  ; 0 s                 ; 0 s                 ; 3.08 V                       ; 3.73e-08 V                   ; 3.2 V               ; -0.128 V            ; 0.219 V                              ; 0.346 V                              ; 4.45e-10 s                  ; 4.51e-10 s                  ; No                         ; No                         ; 3.08 V                      ; 3.73e-08 V                  ; 3.2 V              ; -0.128 V           ; 0.219 V                             ; 0.346 V                             ; 4.45e-10 s                 ; 4.51e-10 s                 ; No                        ; No                        ;
; P2[1]               ; 3.3-V LVTTL  ; 0 s                 ; 0 s                 ; 3.08 V                       ; 3.73e-08 V                   ; 3.2 V               ; -0.127 V            ; 0.219 V                              ; 0.346 V                              ; 4.45e-10 s                  ; 4.51e-10 s                  ; No                         ; No                         ; 3.08 V                      ; 3.73e-08 V                  ; 3.2 V              ; -0.127 V           ; 0.219 V                             ; 0.346 V                             ; 4.45e-10 s                 ; 4.51e-10 s                 ; No                        ; No                        ;
; P2[2]               ; 3.3-V LVTTL  ; 0 s                 ; 0 s                 ; 3.08 V                       ; 3.73e-08 V                   ; 3.2 V               ; -0.127 V            ; 0.219 V                              ; 0.346 V                              ; 4.45e-10 s                  ; 4.51e-10 s                  ; No                         ; No                         ; 3.08 V                      ; 3.73e-08 V                  ; 3.2 V              ; -0.127 V           ; 0.219 V                             ; 0.346 V                             ; 4.45e-10 s                 ; 4.51e-10 s                 ; No                        ; No                        ;
; P2[3]               ; 3.3-V LVTTL  ; 0 s                 ; 0 s                 ; 3.08 V                       ; 3.73e-08 V                   ; 3.2 V               ; -0.128 V            ; 0.219 V                              ; 0.346 V                              ; 4.45e-10 s                  ; 4.51e-10 s                  ; No                         ; No                         ; 3.08 V                      ; 3.73e-08 V                  ; 3.2 V              ; -0.128 V           ; 0.219 V                             ; 0.346 V                             ; 4.45e-10 s                 ; 4.51e-10 s                 ; No                        ; No                        ;
; P2[4]               ; 3.3-V LVTTL  ; 0 s                 ; 0 s                 ; 3.08 V                       ; 3.73e-08 V                   ; 3.2 V               ; -0.128 V            ; 0.219 V                              ; 0.346 V                              ; 4.45e-10 s                  ; 4.51e-10 s                  ; No                         ; No                         ; 3.08 V                      ; 3.73e-08 V                  ; 3.2 V              ; -0.128 V           ; 0.219 V                             ; 0.346 V                             ; 4.45e-10 s                 ; 4.51e-10 s                 ; No                        ; No                        ;
; P2[5]               ; 3.3-V LVTTL  ; 0 s                 ; 0 s                 ; 3.08 V                       ; 3.73e-08 V                   ; 3.2 V               ; -0.117 V            ; 0.262 V                              ; 0.424 V                              ; 4.61e-10 s                  ; 4.88e-10 s                  ; No                         ; No                         ; 3.08 V                      ; 3.73e-08 V                  ; 3.2 V              ; -0.117 V           ; 0.262 V                             ; 0.424 V                             ; 4.61e-10 s                 ; 4.88e-10 s                 ; No                        ; No                        ;
; P2[6]               ; 3.3-V LVTTL  ; 0 s                 ; 0 s                 ; 3.08 V                       ; 3.73e-08 V                   ; 3.2 V               ; -0.128 V            ; 0.219 V                              ; 0.346 V                              ; 4.45e-10 s                  ; 4.51e-10 s                  ; No                         ; No                         ; 3.08 V                      ; 3.73e-08 V                  ; 3.2 V              ; -0.128 V           ; 0.219 V                             ; 0.346 V                             ; 4.45e-10 s                 ; 4.51e-10 s                 ; No                        ; No                        ;
; P2[7]               ; 3.3-V LVTTL  ; 0 s                 ; 0 s                 ; 3.08 V                       ; 3.73e-08 V                   ; 3.2 V               ; -0.127 V            ; 0.219 V                              ; 0.346 V                              ; 4.45e-10 s                  ; 4.51e-10 s                  ; No                         ; No                         ; 3.08 V                      ; 3.73e-08 V                  ; 3.2 V              ; -0.127 V           ; 0.219 V                             ; 0.346 V                             ; 4.45e-10 s                 ; 4.51e-10 s                 ; No                        ; No                        ;
; P3[0]               ; 3.3-V LVTTL  ; 0 s                 ; 0 s                 ; 3.08 V                       ; 3.73e-08 V                   ; 3.2 V               ; -0.128 V            ; 0.219 V                              ; 0.346 V                              ; 4.45e-10 s                  ; 4.51e-10 s                  ; No                         ; No                         ; 3.08 V                      ; 3.73e-08 V                  ; 3.2 V              ; -0.128 V           ; 0.219 V                             ; 0.346 V                             ; 4.45e-10 s                 ; 4.51e-10 s                 ; No                        ; No                        ;
; P3[1]               ; 3.3-V LVTTL  ; 0 s                 ; 0 s                 ; 3.08 V                       ; 3.73e-08 V                   ; 3.2 V               ; -0.128 V            ; 0.219 V                              ; 0.346 V                              ; 4.45e-10 s                  ; 4.51e-10 s                  ; No                         ; No                         ; 3.08 V                      ; 3.73e-08 V                  ; 3.2 V              ; -0.128 V           ; 0.219 V                             ; 0.346 V                             ; 4.45e-10 s                 ; 4.51e-10 s                 ; No                        ; No                        ;
; P3[2]               ; 3.3-V LVTTL  ; 0 s                 ; 0 s                 ; 3.08 V                       ; 3.73e-08 V                   ; 3.2 V               ; -0.117 V            ; 0.262 V                              ; 0.424 V                              ; 4.61e-10 s                  ; 4.88e-10 s                  ; No                         ; No                         ; 3.08 V                      ; 3.73e-08 V                  ; 3.2 V              ; -0.117 V           ; 0.262 V                             ; 0.424 V                             ; 4.61e-10 s                 ; 4.88e-10 s                 ; No                        ; No                        ;
; P3[3]               ; 3.3-V LVTTL  ; 0 s                 ; 0 s                 ; 3.08 V                       ; 3.73e-08 V                   ; 3.2 V               ; -0.127 V            ; 0.219 V                              ; 0.346 V                              ; 4.45e-10 s                  ; 4.51e-10 s                  ; No                         ; No                         ; 3.08 V                      ; 3.73e-08 V                  ; 3.2 V              ; -0.127 V           ; 0.219 V                             ; 0.346 V                             ; 4.45e-10 s                 ; 4.51e-10 s                 ; No                        ; No                        ;
; P3[4]               ; 3.3-V LVTTL  ; 0 s                 ; 0 s                 ; 3.08 V                       ; 3.73e-08 V                   ; 3.2 V               ; -0.118 V            ; 0.262 V                              ; 0.424 V                              ; 4.61e-10 s                  ; 4.9e-10 s                   ; No                         ; No                         ; 3.08 V                      ; 3.73e-08 V                  ; 3.2 V              ; -0.118 V           ; 0.262 V                             ; 0.424 V                             ; 4.61e-10 s                 ; 4.9e-10 s                  ; No                        ; No                        ;
; P3[5]               ; 3.3-V LVTTL  ; 0 s                 ; 0 s                 ; 3.08 V                       ; 3.73e-08 V                   ; 3.2 V               ; -0.128 V            ; 0.219 V                              ; 0.346 V                              ; 4.45e-10 s                  ; 4.51e-10 s                  ; No                         ; No                         ; 3.08 V                      ; 3.73e-08 V                  ; 3.2 V              ; -0.128 V           ; 0.219 V                             ; 0.346 V                             ; 4.45e-10 s                 ; 4.51e-10 s                 ; No                        ; No                        ;
; P3[6]               ; 3.3-V LVTTL  ; 0 s                 ; 0 s                 ; 3.08 V                       ; 3.73e-08 V                   ; 3.2 V               ; -0.128 V            ; 0.219 V                              ; 0.346 V                              ; 4.45e-10 s                  ; 4.51e-10 s                  ; No                         ; No                         ; 3.08 V                      ; 3.73e-08 V                  ; 3.2 V              ; -0.128 V           ; 0.219 V                             ; 0.346 V                             ; 4.45e-10 s                 ; 4.51e-10 s                 ; No                        ; No                        ;
; P3[7]               ; 3.3-V LVTTL  ; 0 s                 ; 0 s                 ; 3.08 V                       ; 3.73e-08 V                   ; 3.2 V               ; -0.127 V            ; 0.219 V                              ; 0.346 V                              ; 4.45e-10 s                  ; 4.51e-10 s                  ; No                         ; No                         ; 3.08 V                      ; 3.73e-08 V                  ; 3.2 V              ; -0.127 V           ; 0.219 V                             ; 0.346 V                             ; 4.45e-10 s                 ; 4.51e-10 s                 ; No                        ; No                        ;
; P4[0]               ; 3.3-V LVTTL  ; 0 s                 ; 0 s                 ; 3.08 V                       ; 3.73e-08 V                   ; 3.2 V               ; -0.127 V            ; 0.219 V                              ; 0.346 V                              ; 4.45e-10 s                  ; 4.51e-10 s                  ; No                         ; No                         ; 3.08 V                      ; 3.73e-08 V                  ; 3.2 V              ; -0.127 V           ; 0.219 V                             ; 0.346 V                             ; 4.45e-10 s                 ; 4.51e-10 s                 ; No                        ; No                        ;
; P4[1]               ; 3.3-V LVTTL  ; 0 s                 ; 0 s                 ; 3.08 V                       ; 3.73e-08 V                   ; 3.2 V               ; -0.118 V            ; 0.262 V                              ; 0.424 V                              ; 4.61e-10 s                  ; 4.9e-10 s                   ; No                         ; No                         ; 3.08 V                      ; 3.73e-08 V                  ; 3.2 V              ; -0.118 V           ; 0.262 V                             ; 0.424 V                             ; 4.61e-10 s                 ; 4.9e-10 s                  ; No                        ; No                        ;
; P4[2]               ; 3.3-V LVTTL  ; 0 s                 ; 0 s                 ; 3.08 V                       ; 3.73e-08 V                   ; 3.2 V               ; -0.118 V            ; 0.262 V                              ; 0.424 V                              ; 4.61e-10 s                  ; 4.9e-10 s                   ; No                         ; No                         ; 3.08 V                      ; 3.73e-08 V                  ; 3.2 V              ; -0.118 V           ; 0.262 V                             ; 0.424 V                             ; 4.61e-10 s                 ; 4.9e-10 s                  ; No                        ; No                        ;
; P4[3]               ; 3.3-V LVTTL  ; 0 s                 ; 0 s                 ; 3.08 V                       ; 3.73e-08 V                   ; 3.2 V               ; -0.117 V            ; 0.262 V                              ; 0.424 V                              ; 4.61e-10 s                  ; 4.88e-10 s                  ; No                         ; No                         ; 3.08 V                      ; 3.73e-08 V                  ; 3.2 V              ; -0.117 V           ; 0.262 V                             ; 0.424 V                             ; 4.61e-10 s                 ; 4.88e-10 s                 ; No                        ; No                        ;
; P4[4]               ; 3.3-V LVTTL  ; 0 s                 ; 0 s                 ; 3.08 V                       ; 3.73e-08 V                   ; 3.2 V               ; -0.118 V            ; 0.262 V                              ; 0.424 V                              ; 4.61e-10 s                  ; 4.9e-10 s                   ; No                         ; No                         ; 3.08 V                      ; 3.73e-08 V                  ; 3.2 V              ; -0.118 V           ; 0.262 V                             ; 0.424 V                             ; 4.61e-10 s                 ; 4.9e-10 s                  ; No                        ; No                        ;
; P4[5]               ; 3.3-V LVTTL  ; 0 s                 ; 0 s                 ; 3.08 V                       ; 3.73e-08 V                   ; 3.2 V               ; -0.118 V            ; 0.262 V                              ; 0.424 V                              ; 4.61e-10 s                  ; 4.9e-10 s                   ; No                         ; No                         ; 3.08 V                      ; 3.73e-08 V                  ; 3.2 V              ; -0.118 V           ; 0.262 V                             ; 0.424 V                             ; 4.61e-10 s                 ; 4.9e-10 s                  ; No                        ; No                        ;
; P4[6]               ; 3.3-V LVTTL  ; 0 s                 ; 0 s                 ; 3.08 V                       ; 3.73e-08 V                   ; 3.2 V               ; -0.127 V            ; 0.219 V                              ; 0.346 V                              ; 4.45e-10 s                  ; 4.51e-10 s                  ; No                         ; No                         ; 3.08 V                      ; 3.73e-08 V                  ; 3.2 V              ; -0.127 V           ; 0.219 V                             ; 0.346 V                             ; 4.45e-10 s                 ; 4.51e-10 s                 ; No                        ; No                        ;
; P4[7]               ; 3.3-V LVTTL  ; 0 s                 ; 0 s                 ; 3.08 V                       ; 3.73e-08 V                   ; 3.2 V               ; -0.127 V            ; 0.219 V                              ; 0.346 V                              ; 4.45e-10 s                  ; 4.51e-10 s                  ; No                         ; No                         ; 3.08 V                      ; 3.73e-08 V                  ; 3.2 V              ; -0.127 V           ; 0.219 V                             ; 0.346 V                             ; 4.45e-10 s                 ; 4.51e-10 s                 ; No                        ; No                        ;
; altera_reserved_tdo ; 2.5 V        ; 0 s                 ; 0 s                 ; 2.32 V                       ; 1.39e-08 V                   ; 2.39 V              ; -0.0409 V           ; 0.211 V                              ; 0.121 V                              ; 4.7e-10 s                   ; 5.93e-10 s                  ; No                         ; Yes                        ; 2.32 V                      ; 1.39e-08 V                  ; 2.39 V             ; -0.0409 V          ; 0.211 V                             ; 0.121 V                             ; 4.7e-10 s                  ; 5.93e-10 s                 ; No                        ; Yes                       ;
+---------------------+--------------+---------------------+---------------------+------------------------------+------------------------------+---------------------+---------------------+--------------------------------------+--------------------------------------+-----------------------------+-----------------------------+----------------------------+----------------------------+-----------------------------+-----------------------------+--------------------+--------------------+-------------------------------------+-------------------------------------+----------------------------+----------------------------+---------------------------+---------------------------+


+--------------------------------------------------------------------------------------------------------------------------------------------------------------------------------------------------------------------------------------------------------------------------------------------------------------------------------------------------------------------------------------------------------------------------------------------------------------------------------------------------------------------------------------------------------------------------------------------------------------------------------------------------------------------------------------------------+
; Signal Integrity Metrics (Slow 1200mv 85c Model)                                                                                                                                                                                                                                                                                                                                                                                                                                                                                                                                                                                                                                                 ;
+---------------------+--------------+---------------------+---------------------+------------------------------+------------------------------+---------------------+---------------------+--------------------------------------+--------------------------------------+-----------------------------+-----------------------------+----------------------------+----------------------------+-----------------------------+-----------------------------+--------------------+--------------------+-------------------------------------+-------------------------------------+----------------------------+----------------------------+---------------------------+---------------------------+
; Pin                 ; I/O Standard ; Board Delay on Rise ; Board Delay on Fall ; Steady State Voh at FPGA Pin ; Steady State Vol at FPGA Pin ; Voh Max at FPGA Pin ; Vol Min at FPGA Pin ; Ringback Voltage on Rise at FPGA Pin ; Ringback Voltage on Fall at FPGA Pin ; 10-90 Rise Time at FPGA Pin ; 90-10 Fall Time at FPGA Pin ; Monotonic Rise at FPGA Pin ; Monotonic Fall at FPGA Pin ; Steady State Voh at Far-end ; Steady State Vol at Far-end ; Voh Max at Far-end ; Vol Min at Far-end ; Ringback Voltage on Rise at Far-end ; Ringback Voltage on Fall at Far-end ; 10-90 Rise Time at Far-end ; 90-10 Fall Time at Far-end ; Monotonic Rise at Far-end ; Monotonic Fall at Far-end ;
+---------------------+--------------+---------------------+---------------------+------------------------------+------------------------------+---------------------+---------------------+--------------------------------------+--------------------------------------+-----------------------------+-----------------------------+----------------------------+----------------------------+-----------------------------+-----------------------------+--------------------+--------------------+-------------------------------------+-------------------------------------+----------------------------+----------------------------+---------------------------+---------------------------+
; GNDKEY2             ; 3.3-V LVTTL  ; 0 s                 ; 0 s                 ; 3.08 V                       ; 3.41e-06 V                   ; 3.16 V              ; -0.0694 V           ; 0.259 V                              ; 0.209 V                              ; 4.69e-10 s                  ; 6.21e-10 s                  ; No                         ; No                         ; 3.08 V                      ; 3.41e-06 V                  ; 3.16 V             ; -0.0694 V          ; 0.259 V                             ; 0.209 V                             ; 4.69e-10 s                 ; 6.21e-10 s                 ; No                        ; No                        ;
; GNDKEY3             ; 3.3-V LVTTL  ; 0 s                 ; 0 s                 ; 3.08 V                       ; 3.41e-06 V                   ; 3.16 V              ; -0.0694 V           ; 0.259 V                              ; 0.209 V                              ; 4.69e-10 s                  ; 6.21e-10 s                  ; No                         ; No                         ; 3.08 V                      ; 3.41e-06 V                  ; 3.16 V             ; -0.0694 V          ; 0.259 V                             ; 0.209 V                             ; 4.69e-10 s                 ; 6.21e-10 s                 ; No                        ; No                        ;
; HEX0_out[0]         ; 3.3-V LVTTL  ; 0 s                 ; 0 s                 ; 3.08 V                       ; 3.41e-06 V                   ; 3.16 V              ; -0.0688 V           ; 0.26 V                               ; 0.209 V                              ; 4.69e-10 s                  ; 6.21e-10 s                  ; No                         ; No                         ; 3.08 V                      ; 3.41e-06 V                  ; 3.16 V             ; -0.0688 V          ; 0.26 V                              ; 0.209 V                             ; 4.69e-10 s                 ; 6.21e-10 s                 ; No                        ; No                        ;
; HEX0_out[1]         ; 3.3-V LVTTL  ; 0 s                 ; 0 s                 ; 3.08 V                       ; 3.41e-06 V                   ; 3.16 V              ; -0.0694 V           ; 0.259 V                              ; 0.209 V                              ; 4.69e-10 s                  ; 6.21e-10 s                  ; No                         ; No                         ; 3.08 V                      ; 3.41e-06 V                  ; 3.16 V             ; -0.0694 V          ; 0.259 V                             ; 0.209 V                             ; 4.69e-10 s                 ; 6.21e-10 s                 ; No                        ; No                        ;
; HEX0_out[2]         ; 3.3-V LVTTL  ; 0 s                 ; 0 s                 ; 3.08 V                       ; 3.41e-06 V                   ; 3.16 V              ; -0.0694 V           ; 0.259 V                              ; 0.209 V                              ; 4.69e-10 s                  ; 6.21e-10 s                  ; No                         ; No                         ; 3.08 V                      ; 3.41e-06 V                  ; 3.16 V             ; -0.0694 V          ; 0.259 V                             ; 0.209 V                             ; 4.69e-10 s                 ; 6.21e-10 s                 ; No                        ; No                        ;
; HEX0_out[3]         ; 3.3-V LVTTL  ; 0 s                 ; 0 s                 ; 3.08 V                       ; 3.41e-06 V                   ; 3.16 V              ; -0.0688 V           ; 0.26 V                               ; 0.209 V                              ; 4.69e-10 s                  ; 6.21e-10 s                  ; No                         ; No                         ; 3.08 V                      ; 3.41e-06 V                  ; 3.16 V             ; -0.0688 V          ; 0.26 V                              ; 0.209 V                             ; 4.69e-10 s                 ; 6.21e-10 s                 ; No                        ; No                        ;
; HEX0_out[4]         ; 3.3-V LVTTL  ; 0 s                 ; 0 s                 ; 3.08 V                       ; 3.41e-06 V                   ; 3.16 V              ; -0.0688 V           ; 0.26 V                               ; 0.209 V                              ; 4.69e-10 s                  ; 6.21e-10 s                  ; No                         ; No                         ; 3.08 V                      ; 3.41e-06 V                  ; 3.16 V             ; -0.0688 V          ; 0.26 V                              ; 0.209 V                             ; 4.69e-10 s                 ; 6.21e-10 s                 ; No                        ; No                        ;
; HEX0_out[5]         ; 3.3-V LVTTL  ; 0 s                 ; 0 s                 ; 3.08 V                       ; 3.41e-06 V                   ; 3.16 V              ; -0.0688 V           ; 0.26 V                               ; 0.209 V                              ; 4.69e-10 s                  ; 6.21e-10 s                  ; No                         ; No                         ; 3.08 V                      ; 3.41e-06 V                  ; 3.16 V             ; -0.0688 V          ; 0.26 V                              ; 0.209 V                             ; 4.69e-10 s                 ; 6.21e-10 s                 ; No                        ; No                        ;
; HEX0_out[6]         ; 3.3-V LVTTL  ; 0 s                 ; 0 s                 ; 3.08 V                       ; 3.41e-06 V                   ; 3.16 V              ; -0.0694 V           ; 0.259 V                              ; 0.209 V                              ; 4.69e-10 s                  ; 6.21e-10 s                  ; No                         ; No                         ; 3.08 V                      ; 3.41e-06 V                  ; 3.16 V             ; -0.0694 V          ; 0.259 V                             ; 0.209 V                             ; 4.69e-10 s                 ; 6.21e-10 s                 ; No                        ; No                        ;
; HEX0_out[7]         ; 3.3-V LVTTL  ; 0 s                 ; 0 s                 ; 3.08 V                       ; 3.41e-06 V                   ; 3.16 V              ; -0.0688 V           ; 0.26 V                               ; 0.209 V                              ; 4.69e-10 s                  ; 6.21e-10 s                  ; No                         ; No                         ; 3.08 V                      ; 3.41e-06 V                  ; 3.16 V             ; -0.0688 V          ; 0.26 V                              ; 0.209 V                             ; 4.69e-10 s                 ; 6.21e-10 s                 ; No                        ; No                        ;
; HEX1_out[0]         ; 3.3-V LVTTL  ; 0 s                 ; 0 s                 ; 3.08 V                       ; 3.41e-06 V                   ; 3.16 V              ; -0.0688 V           ; 0.26 V                               ; 0.209 V                              ; 4.69e-10 s                  ; 6.21e-10 s                  ; No                         ; No                         ; 3.08 V                      ; 3.41e-06 V                  ; 3.16 V             ; -0.0688 V          ; 0.26 V                              ; 0.209 V                             ; 4.69e-10 s                 ; 6.21e-10 s                 ; No                        ; No                        ;
; HEX1_out[1]         ; 3.3-V LVTTL  ; 0 s                 ; 0 s                 ; 3.08 V                       ; 3.41e-06 V                   ; 3.16 V              ; -0.0688 V           ; 0.26 V                               ; 0.209 V                              ; 4.69e-10 s                  ; 6.21e-10 s                  ; No                         ; No                         ; 3.08 V                      ; 3.41e-06 V                  ; 3.16 V             ; -0.0688 V          ; 0.26 V                              ; 0.209 V                             ; 4.69e-10 s                 ; 6.21e-10 s                 ; No                        ; No                        ;
; HEX1_out[2]         ; 3.3-V LVTTL  ; 0 s                 ; 0 s                 ; 3.08 V                       ; 3.41e-06 V                   ; 3.16 V              ; -0.0694 V           ; 0.259 V                              ; 0.209 V                              ; 4.69e-10 s                  ; 6.21e-10 s                  ; No                         ; No                         ; 3.08 V                      ; 3.41e-06 V                  ; 3.16 V             ; -0.0694 V          ; 0.259 V                             ; 0.209 V                             ; 4.69e-10 s                 ; 6.21e-10 s                 ; No                        ; No                        ;
; HEX1_out[3]         ; 3.3-V LVTTL  ; 0 s                 ; 0 s                 ; 3.08 V                       ; 3.41e-06 V                   ; 3.16 V              ; -0.0688 V           ; 0.26 V                               ; 0.209 V                              ; 4.69e-10 s                  ; 6.21e-10 s                  ; No                         ; No                         ; 3.08 V                      ; 3.41e-06 V                  ; 3.16 V             ; -0.0688 V          ; 0.26 V                              ; 0.209 V                             ; 4.69e-10 s                 ; 6.21e-10 s                 ; No                        ; No                        ;
; HEX1_out[4]         ; 3.3-V LVTTL  ; 0 s                 ; 0 s                 ; 3.08 V                       ; 3.41e-06 V                   ; 3.16 V              ; -0.0694 V           ; 0.259 V                              ; 0.209 V                              ; 4.69e-10 s                  ; 6.21e-10 s                  ; No                         ; No                         ; 3.08 V                      ; 3.41e-06 V                  ; 3.16 V             ; -0.0694 V          ; 0.259 V                             ; 0.209 V                             ; 4.69e-10 s                 ; 6.21e-10 s                 ; No                        ; No                        ;
; HEX1_out[5]         ; 3.3-V LVTTL  ; 0 s                 ; 0 s                 ; 3.08 V                       ; 3.41e-06 V                   ; 3.16 V              ; -0.0688 V           ; 0.26 V                               ; 0.209 V                              ; 4.69e-10 s                  ; 6.21e-10 s                  ; No                         ; No                         ; 3.08 V                      ; 3.41e-06 V                  ; 3.16 V             ; -0.0688 V          ; 0.26 V                              ; 0.209 V                             ; 4.69e-10 s                 ; 6.21e-10 s                 ; No                        ; No                        ;
; HEX1_out[6]         ; 3.3-V LVTTL  ; 0 s                 ; 0 s                 ; 3.08 V                       ; 3.41e-06 V                   ; 3.16 V              ; -0.0694 V           ; 0.259 V                              ; 0.209 V                              ; 4.69e-10 s                  ; 6.21e-10 s                  ; No                         ; No                         ; 3.08 V                      ; 3.41e-06 V                  ; 3.16 V             ; -0.0694 V          ; 0.259 V                             ; 0.209 V                             ; 4.69e-10 s                 ; 6.21e-10 s                 ; No                        ; No                        ;
; HEX1_out[7]         ; 3.3-V LVTTL  ; 0 s                 ; 0 s                 ; 3.08 V                       ; 3.41e-06 V                   ; 3.16 V              ; -0.0694 V           ; 0.259 V                              ; 0.209 V                              ; 4.69e-10 s                  ; 6.21e-10 s                  ; No                         ; No                         ; 3.08 V                      ; 3.41e-06 V                  ; 3.16 V             ; -0.0694 V          ; 0.259 V                             ; 0.209 V                             ; 4.69e-10 s                 ; 6.21e-10 s                 ; No                        ; No                        ;
; HEX2_out[0]         ; 3.3-V LVTTL  ; 0 s                 ; 0 s                 ; 3.08 V                       ; 3.41e-06 V                   ; 3.16 V              ; -0.0688 V           ; 0.26 V                               ; 0.209 V                              ; 4.69e-10 s                  ; 6.21e-10 s                  ; No                         ; No                         ; 3.08 V                      ; 3.41e-06 V                  ; 3.16 V             ; -0.0688 V          ; 0.26 V                              ; 0.209 V                             ; 4.69e-10 s                 ; 6.21e-10 s                 ; No                        ; No                        ;
; HEX2_out[1]         ; 3.3-V LVTTL  ; 0 s                 ; 0 s                 ; 3.08 V                       ; 3.41e-06 V                   ; 3.16 V              ; -0.0688 V           ; 0.26 V                               ; 0.209 V                              ; 4.69e-10 s                  ; 6.21e-10 s                  ; No                         ; No                         ; 3.08 V                      ; 3.41e-06 V                  ; 3.16 V             ; -0.0688 V          ; 0.26 V                              ; 0.209 V                             ; 4.69e-10 s                 ; 6.21e-10 s                 ; No                        ; No                        ;
; HEX2_out[2]         ; 3.3-V LVTTL  ; 0 s                 ; 0 s                 ; 3.08 V                       ; 3.41e-06 V                   ; 3.16 V              ; -0.0694 V           ; 0.259 V                              ; 0.209 V                              ; 4.69e-10 s                  ; 6.21e-10 s                  ; No                         ; No                         ; 3.08 V                      ; 3.41e-06 V                  ; 3.16 V             ; -0.0694 V          ; 0.259 V                             ; 0.209 V                             ; 4.69e-10 s                 ; 6.21e-10 s                 ; No                        ; No                        ;
; HEX2_out[3]         ; 3.3-V LVTTL  ; 0 s                 ; 0 s                 ; 3.08 V                       ; 3.41e-06 V                   ; 3.16 V              ; -0.0694 V           ; 0.259 V                              ; 0.209 V                              ; 4.69e-10 s                  ; 6.21e-10 s                  ; No                         ; No                         ; 3.08 V                      ; 3.41e-06 V                  ; 3.16 V             ; -0.0694 V          ; 0.259 V                             ; 0.209 V                             ; 4.69e-10 s                 ; 6.21e-10 s                 ; No                        ; No                        ;
; HEX2_out[4]         ; 3.3-V LVTTL  ; 0 s                 ; 0 s                 ; 3.08 V                       ; 3.41e-06 V                   ; 3.16 V              ; -0.0694 V           ; 0.259 V                              ; 0.209 V                              ; 4.69e-10 s                  ; 6.21e-10 s                  ; No                         ; No                         ; 3.08 V                      ; 3.41e-06 V                  ; 3.16 V             ; -0.0694 V          ; 0.259 V                             ; 0.209 V                             ; 4.69e-10 s                 ; 6.21e-10 s                 ; No                        ; No                        ;
; HEX2_out[5]         ; 3.3-V LVTTL  ; 0 s                 ; 0 s                 ; 3.08 V                       ; 3.41e-06 V                   ; 3.16 V              ; -0.0694 V           ; 0.259 V                              ; 0.209 V                              ; 4.69e-10 s                  ; 6.21e-10 s                  ; No                         ; No                         ; 3.08 V                      ; 3.41e-06 V                  ; 3.16 V             ; -0.0694 V          ; 0.259 V                             ; 0.209 V                             ; 4.69e-10 s                 ; 6.21e-10 s                 ; No                        ; No                        ;
; HEX2_out[6]         ; 3.3-V LVTTL  ; 0 s                 ; 0 s                 ; 3.08 V                       ; 3.41e-06 V                   ; 3.16 V              ; -0.0688 V           ; 0.26 V                               ; 0.209 V                              ; 4.69e-10 s                  ; 6.21e-10 s                  ; No                         ; No                         ; 3.08 V                      ; 3.41e-06 V                  ; 3.16 V             ; -0.0688 V          ; 0.26 V                              ; 0.209 V                             ; 4.69e-10 s                 ; 6.21e-10 s                 ; No                        ; No                        ;
; HEX2_out[7]         ; 3.3-V LVTTL  ; 0 s                 ; 0 s                 ; 3.08 V                       ; 3.41e-06 V                   ; 3.16 V              ; -0.0694 V           ; 0.259 V                              ; 0.209 V                              ; 4.69e-10 s                  ; 6.21e-10 s                  ; No                         ; No                         ; 3.08 V                      ; 3.41e-06 V                  ; 3.16 V             ; -0.0694 V          ; 0.259 V                             ; 0.209 V                             ; 4.69e-10 s                 ; 6.21e-10 s                 ; No                        ; No                        ;
; HEX3_out[0]         ; 3.3-V LVTTL  ; 0 s                 ; 0 s                 ; 3.08 V                       ; 3.41e-06 V                   ; 3.16 V              ; -0.0688 V           ; 0.26 V                               ; 0.209 V                              ; 4.69e-10 s                  ; 6.21e-10 s                  ; No                         ; No                         ; 3.08 V                      ; 3.41e-06 V                  ; 3.16 V             ; -0.0688 V          ; 0.26 V                              ; 0.209 V                             ; 4.69e-10 s                 ; 6.21e-10 s                 ; No                        ; No                        ;
; HEX3_out[1]         ; 3.3-V LVTTL  ; 0 s                 ; 0 s                 ; 3.08 V                       ; 3.41e-06 V                   ; 3.16 V              ; -0.0688 V           ; 0.26 V                               ; 0.209 V                              ; 4.69e-10 s                  ; 6.21e-10 s                  ; No                         ; No                         ; 3.08 V                      ; 3.41e-06 V                  ; 3.16 V             ; -0.0688 V          ; 0.26 V                              ; 0.209 V                             ; 4.69e-10 s                 ; 6.21e-10 s                 ; No                        ; No                        ;
; HEX3_out[2]         ; 3.3-V LVTTL  ; 0 s                 ; 0 s                 ; 3.08 V                       ; 3.41e-06 V                   ; 3.16 V              ; -0.0694 V           ; 0.259 V                              ; 0.209 V                              ; 4.69e-10 s                  ; 6.21e-10 s                  ; No                         ; No                         ; 3.08 V                      ; 3.41e-06 V                  ; 3.16 V             ; -0.0694 V          ; 0.259 V                             ; 0.209 V                             ; 4.69e-10 s                 ; 6.21e-10 s                 ; No                        ; No                        ;
; HEX3_out[3]         ; 3.3-V LVTTL  ; 0 s                 ; 0 s                 ; 3.08 V                       ; 3.41e-06 V                   ; 3.16 V              ; -0.0688 V           ; 0.26 V                               ; 0.209 V                              ; 4.69e-10 s                  ; 6.21e-10 s                  ; No                         ; No                         ; 3.08 V                      ; 3.41e-06 V                  ; 3.16 V             ; -0.0688 V          ; 0.26 V                              ; 0.209 V                             ; 4.69e-10 s                 ; 6.21e-10 s                 ; No                        ; No                        ;
; HEX3_out[4]         ; 3.3-V LVTTL  ; 0 s                 ; 0 s                 ; 3.08 V                       ; 3.41e-06 V                   ; 3.16 V              ; -0.0688 V           ; 0.26 V                               ; 0.209 V                              ; 4.69e-10 s                  ; 6.21e-10 s                  ; No                         ; No                         ; 3.08 V                      ; 3.41e-06 V                  ; 3.16 V             ; -0.0688 V          ; 0.26 V                              ; 0.209 V                             ; 4.69e-10 s                 ; 6.21e-10 s                 ; No                        ; No                        ;
; HEX3_out[5]         ; 3.3-V LVTTL  ; 0 s                 ; 0 s                 ; 3.08 V                       ; 3.41e-06 V                   ; 3.16 V              ; -0.0694 V           ; 0.259 V                              ; 0.209 V                              ; 4.69e-10 s                  ; 6.21e-10 s                  ; No                         ; No                         ; 3.08 V                      ; 3.41e-06 V                  ; 3.16 V             ; -0.0694 V          ; 0.259 V                             ; 0.209 V                             ; 4.69e-10 s                 ; 6.21e-10 s                 ; No                        ; No                        ;
; HEX3_out[6]         ; 3.3-V LVTTL  ; 0 s                 ; 0 s                 ; 3.08 V                       ; 3.41e-06 V                   ; 3.16 V              ; -0.0694 V           ; 0.259 V                              ; 0.209 V                              ; 4.69e-10 s                  ; 6.21e-10 s                  ; No                         ; No                         ; 3.08 V                      ; 3.41e-06 V                  ; 3.16 V             ; -0.0694 V          ; 0.259 V                             ; 0.209 V                             ; 4.69e-10 s                 ; 6.21e-10 s                 ; No                        ; No                        ;
; HEX3_out[7]         ; 3.3-V LVTTL  ; 0 s                 ; 0 s                 ; 3.08 V                       ; 3.41e-06 V                   ; 3.16 V              ; -0.0688 V           ; 0.26 V                               ; 0.209 V                              ; 4.69e-10 s                  ; 6.21e-10 s                  ; No                         ; No                         ; 3.08 V                      ; 3.41e-06 V                  ; 3.16 V             ; -0.0688 V          ; 0.26 V                              ; 0.209 V                             ; 4.69e-10 s                 ; 6.21e-10 s                 ; No                        ; No                        ;
; HEX4_out[0]         ; 3.3-V LVTTL  ; 0 s                 ; 0 s                 ; 3.08 V                       ; 3.41e-06 V                   ; 3.16 V              ; -0.0694 V           ; 0.259 V                              ; 0.209 V                              ; 4.69e-10 s                  ; 6.21e-10 s                  ; No                         ; No                         ; 3.08 V                      ; 3.41e-06 V                  ; 3.16 V             ; -0.0694 V          ; 0.259 V                             ; 0.209 V                             ; 4.69e-10 s                 ; 6.21e-10 s                 ; No                        ; No                        ;
; HEX4_out[1]         ; 3.3-V LVTTL  ; 0 s                 ; 0 s                 ; 3.08 V                       ; 3.41e-06 V                   ; 3.16 V              ; -0.0694 V           ; 0.259 V                              ; 0.209 V                              ; 4.69e-10 s                  ; 6.21e-10 s                  ; No                         ; No                         ; 3.08 V                      ; 3.41e-06 V                  ; 3.16 V             ; -0.0694 V          ; 0.259 V                             ; 0.209 V                             ; 4.69e-10 s                 ; 6.21e-10 s                 ; No                        ; No                        ;
; HEX4_out[2]         ; 3.3-V LVTTL  ; 0 s                 ; 0 s                 ; 3.08 V                       ; 3.41e-06 V                   ; 3.16 V              ; -0.0688 V           ; 0.26 V                               ; 0.209 V                              ; 4.69e-10 s                  ; 6.21e-10 s                  ; No                         ; No                         ; 3.08 V                      ; 3.41e-06 V                  ; 3.16 V             ; -0.0688 V          ; 0.26 V                              ; 0.209 V                             ; 4.69e-10 s                 ; 6.21e-10 s                 ; No                        ; No                        ;
; HEX4_out[3]         ; 3.3-V LVTTL  ; 0 s                 ; 0 s                 ; 3.08 V                       ; 3.41e-06 V                   ; 3.16 V              ; -0.0694 V           ; 0.259 V                              ; 0.209 V                              ; 4.69e-10 s                  ; 6.21e-10 s                  ; No                         ; No                         ; 3.08 V                      ; 3.41e-06 V                  ; 3.16 V             ; -0.0694 V          ; 0.259 V                             ; 0.209 V                             ; 4.69e-10 s                 ; 6.21e-10 s                 ; No                        ; No                        ;
; HEX4_out[4]         ; 3.3-V LVTTL  ; 0 s                 ; 0 s                 ; 3.08 V                       ; 3.41e-06 V                   ; 3.16 V              ; -0.0688 V           ; 0.26 V                               ; 0.209 V                              ; 4.69e-10 s                  ; 6.21e-10 s                  ; No                         ; No                         ; 3.08 V                      ; 3.41e-06 V                  ; 3.16 V             ; -0.0688 V          ; 0.26 V                              ; 0.209 V                             ; 4.69e-10 s                 ; 6.21e-10 s                 ; No                        ; No                        ;
; HEX4_out[5]         ; 3.3-V LVTTL  ; 0 s                 ; 0 s                 ; 3.08 V                       ; 3.41e-06 V                   ; 3.16 V              ; -0.0688 V           ; 0.26 V                               ; 0.209 V                              ; 4.69e-10 s                  ; 6.21e-10 s                  ; No                         ; No                         ; 3.08 V                      ; 3.41e-06 V                  ; 3.16 V             ; -0.0688 V          ; 0.26 V                              ; 0.209 V                             ; 4.69e-10 s                 ; 6.21e-10 s                 ; No                        ; No                        ;
; HEX4_out[6]         ; 3.3-V LVTTL  ; 0 s                 ; 0 s                 ; 3.08 V                       ; 3.41e-06 V                   ; 3.16 V              ; -0.0694 V           ; 0.259 V                              ; 0.209 V                              ; 4.69e-10 s                  ; 6.21e-10 s                  ; No                         ; No                         ; 3.08 V                      ; 3.41e-06 V                  ; 3.16 V             ; -0.0694 V          ; 0.259 V                             ; 0.209 V                             ; 4.69e-10 s                 ; 6.21e-10 s                 ; No                        ; No                        ;
; HEX4_out[7]         ; 3.3-V LVTTL  ; 0 s                 ; 0 s                 ; 3.08 V                       ; 3.41e-06 V                   ; 3.16 V              ; -0.0688 V           ; 0.26 V                               ; 0.209 V                              ; 4.69e-10 s                  ; 6.21e-10 s                  ; No                         ; No                         ; 3.08 V                      ; 3.41e-06 V                  ; 3.16 V             ; -0.0688 V          ; 0.26 V                              ; 0.209 V                             ; 4.69e-10 s                 ; 6.21e-10 s                 ; No                        ; No                        ;
; HEX5_out[0]         ; 3.3-V LVTTL  ; 0 s                 ; 0 s                 ; 3.08 V                       ; 3.41e-06 V                   ; 3.16 V              ; -0.0688 V           ; 0.26 V                               ; 0.209 V                              ; 4.69e-10 s                  ; 6.21e-10 s                  ; No                         ; No                         ; 3.08 V                      ; 3.41e-06 V                  ; 3.16 V             ; -0.0688 V          ; 0.26 V                              ; 0.209 V                             ; 4.69e-10 s                 ; 6.21e-10 s                 ; No                        ; No                        ;
; HEX5_out[1]         ; 3.3-V LVTTL  ; 0 s                 ; 0 s                 ; 3.08 V                       ; 3.41e-06 V                   ; 3.16 V              ; -0.0694 V           ; 0.259 V                              ; 0.209 V                              ; 4.69e-10 s                  ; 6.21e-10 s                  ; No                         ; No                         ; 3.08 V                      ; 3.41e-06 V                  ; 3.16 V             ; -0.0694 V          ; 0.259 V                             ; 0.209 V                             ; 4.69e-10 s                 ; 6.21e-10 s                 ; No                        ; No                        ;
; HEX5_out[2]         ; 3.3-V LVTTL  ; 0 s                 ; 0 s                 ; 3.08 V                       ; 3.41e-06 V                   ; 3.16 V              ; -0.0694 V           ; 0.259 V                              ; 0.209 V                              ; 4.69e-10 s                  ; 6.21e-10 s                  ; No                         ; No                         ; 3.08 V                      ; 3.41e-06 V                  ; 3.16 V             ; -0.0694 V          ; 0.259 V                             ; 0.209 V                             ; 4.69e-10 s                 ; 6.21e-10 s                 ; No                        ; No                        ;
; HEX5_out[3]         ; 3.3-V LVTTL  ; 0 s                 ; 0 s                 ; 3.08 V                       ; 3.41e-06 V                   ; 3.16 V              ; -0.0688 V           ; 0.26 V                               ; 0.209 V                              ; 4.69e-10 s                  ; 6.21e-10 s                  ; No                         ; No                         ; 3.08 V                      ; 3.41e-06 V                  ; 3.16 V             ; -0.0688 V          ; 0.26 V                              ; 0.209 V                             ; 4.69e-10 s                 ; 6.21e-10 s                 ; No                        ; No                        ;
; HEX5_out[4]         ; 3.3-V LVTTL  ; 0 s                 ; 0 s                 ; 3.08 V                       ; 3.41e-06 V                   ; 3.16 V              ; -0.0688 V           ; 0.26 V                               ; 0.209 V                              ; 4.69e-10 s                  ; 6.21e-10 s                  ; No                         ; No                         ; 3.08 V                      ; 3.41e-06 V                  ; 3.16 V             ; -0.0688 V          ; 0.26 V                              ; 0.209 V                             ; 4.69e-10 s                 ; 6.21e-10 s                 ; No                        ; No                        ;
; HEX5_out[5]         ; 3.3-V LVTTL  ; 0 s                 ; 0 s                 ; 3.08 V                       ; 3.41e-06 V                   ; 3.16 V              ; -0.0694 V           ; 0.259 V                              ; 0.209 V                              ; 4.69e-10 s                  ; 6.21e-10 s                  ; No                         ; No                         ; 3.08 V                      ; 3.41e-06 V                  ; 3.16 V             ; -0.0694 V          ; 0.259 V                             ; 0.209 V                             ; 4.69e-10 s                 ; 6.21e-10 s                 ; No                        ; No                        ;
; HEX5_out[6]         ; 3.3-V LVTTL  ; 0 s                 ; 0 s                 ; 3.08 V                       ; 3.41e-06 V                   ; 3.16 V              ; -0.0694 V           ; 0.259 V                              ; 0.209 V                              ; 4.69e-10 s                  ; 6.21e-10 s                  ; No                         ; No                         ; 3.08 V                      ; 3.41e-06 V                  ; 3.16 V             ; -0.0694 V          ; 0.259 V                             ; 0.209 V                             ; 4.69e-10 s                 ; 6.21e-10 s                 ; No                        ; No                        ;
; HEX5_out[7]         ; 3.3-V LVTTL  ; 0 s                 ; 0 s                 ; 3.08 V                       ; 3.41e-06 V                   ; 3.16 V              ; -0.0688 V           ; 0.26 V                               ; 0.209 V                              ; 4.69e-10 s                  ; 6.21e-10 s                  ; No                         ; No                         ; 3.08 V                      ; 3.41e-06 V                  ; 3.16 V             ; -0.0688 V          ; 0.26 V                              ; 0.209 V                             ; 4.69e-10 s                 ; 6.21e-10 s                 ; No                        ; No                        ;
; LEDR0_out[0]        ; 3.3-V LVTTL  ; 0 s                 ; 0 s                 ; 3.08 V                       ; 3.41e-06 V                   ; 3.16 V              ; -0.0694 V           ; 0.259 V                              ; 0.209 V                              ; 4.69e-10 s                  ; 6.21e-10 s                  ; No                         ; No                         ; 3.08 V                      ; 3.41e-06 V                  ; 3.16 V             ; -0.0694 V          ; 0.259 V                             ; 0.209 V                             ; 4.69e-10 s                 ; 6.21e-10 s                 ; No                        ; No                        ;
; LEDR0_out[1]        ; 3.3-V LVTTL  ; 0 s                 ; 0 s                 ; 3.08 V                       ; 3.41e-06 V                   ; 3.16 V              ; -0.0688 V           ; 0.26 V                               ; 0.209 V                              ; 4.69e-10 s                  ; 6.21e-10 s                  ; No                         ; No                         ; 3.08 V                      ; 3.41e-06 V                  ; 3.16 V             ; -0.0688 V          ; 0.26 V                              ; 0.209 V                             ; 4.69e-10 s                 ; 6.21e-10 s                 ; No                        ; No                        ;
; LEDR0_out[2]        ; 3.3-V LVTTL  ; 0 s                 ; 0 s                 ; 3.08 V                       ; 3.41e-06 V                   ; 3.16 V              ; -0.0694 V           ; 0.259 V                              ; 0.209 V                              ; 4.69e-10 s                  ; 6.21e-10 s                  ; No                         ; No                         ; 3.08 V                      ; 3.41e-06 V                  ; 3.16 V             ; -0.0694 V          ; 0.259 V                             ; 0.209 V                             ; 4.69e-10 s                 ; 6.21e-10 s                 ; No                        ; No                        ;
; LEDR0_out[3]        ; 3.3-V LVTTL  ; 0 s                 ; 0 s                 ; 3.08 V                       ; 3.41e-06 V                   ; 3.16 V              ; -0.0688 V           ; 0.26 V                               ; 0.209 V                              ; 4.69e-10 s                  ; 6.21e-10 s                  ; No                         ; No                         ; 3.08 V                      ; 3.41e-06 V                  ; 3.16 V             ; -0.0688 V          ; 0.26 V                              ; 0.209 V                             ; 4.69e-10 s                 ; 6.21e-10 s                 ; No                        ; No                        ;
; LEDR0_out[4]        ; 3.3-V LVTTL  ; 0 s                 ; 0 s                 ; 3.08 V                       ; 3.41e-06 V                   ; 3.16 V              ; -0.0694 V           ; 0.259 V                              ; 0.209 V                              ; 4.69e-10 s                  ; 6.21e-10 s                  ; No                         ; No                         ; 3.08 V                      ; 3.41e-06 V                  ; 3.16 V             ; -0.0694 V          ; 0.259 V                             ; 0.209 V                             ; 4.69e-10 s                 ; 6.21e-10 s                 ; No                        ; No                        ;
; LEDR0_out[5]        ; 3.3-V LVTTL  ; 0 s                 ; 0 s                 ; 3.08 V                       ; 3.41e-06 V                   ; 3.16 V              ; -0.0694 V           ; 0.259 V                              ; 0.209 V                              ; 4.69e-10 s                  ; 6.21e-10 s                  ; No                         ; No                         ; 3.08 V                      ; 3.41e-06 V                  ; 3.16 V             ; -0.0694 V          ; 0.259 V                             ; 0.209 V                             ; 4.69e-10 s                 ; 6.21e-10 s                 ; No                        ; No                        ;
; LEDR0_out[6]        ; 3.3-V LVTTL  ; 0 s                 ; 0 s                 ; 3.08 V                       ; 3.41e-06 V                   ; 3.16 V              ; -0.0694 V           ; 0.259 V                              ; 0.209 V                              ; 4.69e-10 s                  ; 6.21e-10 s                  ; No                         ; No                         ; 3.08 V                      ; 3.41e-06 V                  ; 3.16 V             ; -0.0694 V          ; 0.259 V                             ; 0.209 V                             ; 4.69e-10 s                 ; 6.21e-10 s                 ; No                        ; No                        ;
; LEDR0_out[7]        ; 3.3-V LVTTL  ; 0 s                 ; 0 s                 ; 3.08 V                       ; 3.41e-06 V                   ; 3.16 V              ; -0.0688 V           ; 0.26 V                               ; 0.209 V                              ; 4.69e-10 s                  ; 6.21e-10 s                  ; No                         ; No                         ; 3.08 V                      ; 3.41e-06 V                  ; 3.16 V             ; -0.0688 V          ; 0.26 V                              ; 0.209 V                             ; 4.69e-10 s                 ; 6.21e-10 s                 ; No                        ; No                        ;
; LEDR1_out[0]        ; 3.3-V LVTTL  ; 0 s                 ; 0 s                 ; 3.08 V                       ; 3.41e-06 V                   ; 3.16 V              ; -0.0688 V           ; 0.26 V                               ; 0.209 V                              ; 4.69e-10 s                  ; 6.21e-10 s                  ; No                         ; No                         ; 3.08 V                      ; 3.41e-06 V                  ; 3.16 V             ; -0.0688 V          ; 0.26 V                              ; 0.209 V                             ; 4.69e-10 s                 ; 6.21e-10 s                 ; No                        ; No                        ;
; LEDR1_out[1]        ; 3.3-V LVTTL  ; 0 s                 ; 0 s                 ; 3.08 V                       ; 3.41e-06 V                   ; 3.16 V              ; -0.0694 V           ; 0.259 V                              ; 0.209 V                              ; 4.69e-10 s                  ; 6.21e-10 s                  ; No                         ; No                         ; 3.08 V                      ; 3.41e-06 V                  ; 3.16 V             ; -0.0694 V          ; 0.259 V                             ; 0.209 V                             ; 4.69e-10 s                 ; 6.21e-10 s                 ; No                        ; No                        ;
; TXD                 ; 3.3-V LVTTL  ; 0 s                 ; 0 s                 ; 3.08 V                       ; 3.41e-06 V                   ; 3.16 V              ; -0.0694 V           ; 0.259 V                              ; 0.209 V                              ; 4.69e-10 s                  ; 6.21e-10 s                  ; No                         ; No                         ; 3.08 V                      ; 3.41e-06 V                  ; 3.16 V             ; -0.0694 V          ; 0.259 V                             ; 0.209 V                             ; 4.69e-10 s                 ; 6.21e-10 s                 ; No                        ; No                        ;
; GSENSOR_SCLK        ; 3.3-V LVTTL  ; 0 s                 ; 0 s                 ; 3.08 V                       ; 3.41e-06 V                   ; 3.16 V              ; -0.0688 V           ; 0.26 V                               ; 0.209 V                              ; 4.69e-10 s                  ; 6.21e-10 s                  ; No                         ; No                         ; 3.08 V                      ; 3.41e-06 V                  ; 3.16 V             ; -0.0688 V          ; 0.26 V                              ; 0.209 V                             ; 4.69e-10 s                 ; 6.21e-10 s                 ; No                        ; No                        ;
; GSENSOR_SDI         ; 3.3-V LVTTL  ; 0 s                 ; 0 s                 ; 3.08 V                       ; 3.41e-06 V                   ; 3.15 V              ; -0.0637 V           ; 0.337 V                              ; 0.271 V                              ; 5.02e-10 s                  ; 6.47e-10 s                  ; No                         ; No                         ; 3.08 V                      ; 3.41e-06 V                  ; 3.15 V             ; -0.0637 V          ; 0.337 V                             ; 0.271 V                             ; 5.02e-10 s                 ; 6.47e-10 s                 ; No                        ; No                        ;
; GSENSOR_CS_n        ; 3.3-V LVTTL  ; 0 s                 ; 0 s                 ; 3.08 V                       ; 3.41e-06 V                   ; 3.16 V              ; -0.0694 V           ; 0.259 V                              ; 0.209 V                              ; 4.69e-10 s                  ; 6.21e-10 s                  ; No                         ; No                         ; 3.08 V                      ; 3.41e-06 V                  ; 3.16 V             ; -0.0694 V          ; 0.259 V                             ; 0.209 V                             ; 4.69e-10 s                 ; 6.21e-10 s                 ; No                        ; No                        ;
; P0[0]               ; 3.3-V LVTTL  ; 0 s                 ; 0 s                 ; 3.08 V                       ; 3.41e-06 V                   ; 3.15 V              ; -0.0625 V           ; 0.334 V                              ; 0.27 V                               ; 5.02e-10 s                  ; 6.47e-10 s                  ; No                         ; No                         ; 3.08 V                      ; 3.41e-06 V                  ; 3.15 V             ; -0.0625 V          ; 0.334 V                             ; 0.27 V                              ; 5.02e-10 s                 ; 6.47e-10 s                 ; No                        ; No                        ;
; P0[1]               ; 3.3-V LVTTL  ; 0 s                 ; 0 s                 ; 3.08 V                       ; 3.41e-06 V                   ; 3.15 V              ; -0.0625 V           ; 0.334 V                              ; 0.27 V                               ; 5.02e-10 s                  ; 6.47e-10 s                  ; No                         ; No                         ; 3.08 V                      ; 3.41e-06 V                  ; 3.15 V             ; -0.0625 V          ; 0.334 V                             ; 0.27 V                              ; 5.02e-10 s                 ; 6.47e-10 s                 ; No                        ; No                        ;
; P0[2]               ; 3.3-V LVTTL  ; 0 s                 ; 0 s                 ; 3.08 V                       ; 3.41e-06 V                   ; 3.15 V              ; -0.0637 V           ; 0.337 V                              ; 0.271 V                              ; 5.02e-10 s                  ; 6.47e-10 s                  ; No                         ; No                         ; 3.08 V                      ; 3.41e-06 V                  ; 3.15 V             ; -0.0637 V          ; 0.337 V                             ; 0.271 V                             ; 5.02e-10 s                 ; 6.47e-10 s                 ; No                        ; No                        ;
; P0[3]               ; 3.3-V LVTTL  ; 0 s                 ; 0 s                 ; 3.08 V                       ; 3.41e-06 V                   ; 3.15 V              ; -0.0637 V           ; 0.337 V                              ; 0.271 V                              ; 5.02e-10 s                  ; 6.47e-10 s                  ; No                         ; No                         ; 3.08 V                      ; 3.41e-06 V                  ; 3.15 V             ; -0.0637 V          ; 0.337 V                             ; 0.271 V                             ; 5.02e-10 s                 ; 6.47e-10 s                 ; No                        ; No                        ;
; P0[4]               ; 3.3-V LVTTL  ; 0 s                 ; 0 s                 ; 3.08 V                       ; 3.41e-06 V                   ; 3.15 V              ; -0.0625 V           ; 0.334 V                              ; 0.27 V                               ; 5.02e-10 s                  ; 6.47e-10 s                  ; No                         ; No                         ; 3.08 V                      ; 3.41e-06 V                  ; 3.15 V             ; -0.0625 V          ; 0.334 V                             ; 0.27 V                              ; 5.02e-10 s                 ; 6.47e-10 s                 ; No                        ; No                        ;
; P0[5]               ; 3.3-V LVTTL  ; 0 s                 ; 0 s                 ; 3.08 V                       ; 3.41e-06 V                   ; 3.15 V              ; -0.0625 V           ; 0.334 V                              ; 0.27 V                               ; 5.02e-10 s                  ; 6.47e-10 s                  ; No                         ; No                         ; 3.08 V                      ; 3.41e-06 V                  ; 3.15 V             ; -0.0625 V          ; 0.334 V                             ; 0.27 V                              ; 5.02e-10 s                 ; 6.47e-10 s                 ; No                        ; No                        ;
; P0[6]               ; 3.3-V LVTTL  ; 0 s                 ; 0 s                 ; 3.08 V                       ; 3.41e-06 V                   ; 3.15 V              ; -0.0637 V           ; 0.337 V                              ; 0.271 V                              ; 5.02e-10 s                  ; 6.47e-10 s                  ; No                         ; No                         ; 3.08 V                      ; 3.41e-06 V                  ; 3.15 V             ; -0.0637 V          ; 0.337 V                             ; 0.271 V                             ; 5.02e-10 s                 ; 6.47e-10 s                 ; No                        ; No                        ;
; P0[7]               ; 3.3-V LVTTL  ; 0 s                 ; 0 s                 ; 3.08 V                       ; 3.41e-06 V                   ; 3.15 V              ; -0.0637 V           ; 0.337 V                              ; 0.271 V                              ; 5.02e-10 s                  ; 6.47e-10 s                  ; No                         ; No                         ; 3.08 V                      ; 3.41e-06 V                  ; 3.15 V             ; -0.0637 V          ; 0.337 V                             ; 0.271 V                             ; 5.02e-10 s                 ; 6.47e-10 s                 ; No                        ; No                        ;
; P1[0]               ; 3.3-V LVTTL  ; 0 s                 ; 0 s                 ; 3.08 V                       ; 3.41e-06 V                   ; 3.15 V              ; -0.0625 V           ; 0.334 V                              ; 0.27 V                               ; 5.02e-10 s                  ; 6.47e-10 s                  ; No                         ; No                         ; 3.08 V                      ; 3.41e-06 V                  ; 3.15 V             ; -0.0625 V          ; 0.334 V                             ; 0.27 V                              ; 5.02e-10 s                 ; 6.47e-10 s                 ; No                        ; No                        ;
; P1[1]               ; 3.3-V LVTTL  ; 0 s                 ; 0 s                 ; 3.08 V                       ; 3.41e-06 V                   ; 3.16 V              ; -0.0688 V           ; 0.26 V                               ; 0.209 V                              ; 4.69e-10 s                  ; 6.21e-10 s                  ; No                         ; No                         ; 3.08 V                      ; 3.41e-06 V                  ; 3.16 V             ; -0.0688 V          ; 0.26 V                              ; 0.209 V                             ; 4.69e-10 s                 ; 6.21e-10 s                 ; No                        ; No                        ;
; P1[2]               ; 3.3-V LVTTL  ; 0 s                 ; 0 s                 ; 3.08 V                       ; 3.41e-06 V                   ; 3.15 V              ; -0.0637 V           ; 0.337 V                              ; 0.271 V                              ; 5.02e-10 s                  ; 6.47e-10 s                  ; No                         ; No                         ; 3.08 V                      ; 3.41e-06 V                  ; 3.15 V             ; -0.0637 V          ; 0.337 V                             ; 0.271 V                             ; 5.02e-10 s                 ; 6.47e-10 s                 ; No                        ; No                        ;
; P1[3]               ; 3.3-V LVTTL  ; 0 s                 ; 0 s                 ; 3.08 V                       ; 3.41e-06 V                   ; 3.16 V              ; -0.0694 V           ; 0.259 V                              ; 0.209 V                              ; 4.69e-10 s                  ; 6.21e-10 s                  ; No                         ; No                         ; 3.08 V                      ; 3.41e-06 V                  ; 3.16 V             ; -0.0694 V          ; 0.259 V                             ; 0.209 V                             ; 4.69e-10 s                 ; 6.21e-10 s                 ; No                        ; No                        ;
; P1[4]               ; 3.3-V LVTTL  ; 0 s                 ; 0 s                 ; 3.08 V                       ; 3.41e-06 V                   ; 3.16 V              ; -0.0694 V           ; 0.259 V                              ; 0.209 V                              ; 4.69e-10 s                  ; 6.21e-10 s                  ; No                         ; No                         ; 3.08 V                      ; 3.41e-06 V                  ; 3.16 V             ; -0.0694 V          ; 0.259 V                             ; 0.209 V                             ; 4.69e-10 s                 ; 6.21e-10 s                 ; No                        ; No                        ;
; P1[5]               ; 3.3-V LVTTL  ; 0 s                 ; 0 s                 ; 3.08 V                       ; 3.41e-06 V                   ; 3.16 V              ; -0.0688 V           ; 0.26 V                               ; 0.209 V                              ; 4.69e-10 s                  ; 6.21e-10 s                  ; No                         ; No                         ; 3.08 V                      ; 3.41e-06 V                  ; 3.16 V             ; -0.0688 V          ; 0.26 V                              ; 0.209 V                             ; 4.69e-10 s                 ; 6.21e-10 s                 ; No                        ; No                        ;
; P1[6]               ; 3.3-V LVTTL  ; 0 s                 ; 0 s                 ; 3.08 V                       ; 3.41e-06 V                   ; 3.16 V              ; -0.0694 V           ; 0.259 V                              ; 0.209 V                              ; 4.69e-10 s                  ; 6.21e-10 s                  ; No                         ; No                         ; 3.08 V                      ; 3.41e-06 V                  ; 3.16 V             ; -0.0694 V          ; 0.259 V                             ; 0.209 V                             ; 4.69e-10 s                 ; 6.21e-10 s                 ; No                        ; No                        ;
; P1[7]               ; 3.3-V LVTTL  ; 0 s                 ; 0 s                 ; 3.08 V                       ; 3.41e-06 V                   ; 3.16 V              ; -0.0688 V           ; 0.26 V                               ; 0.209 V                              ; 4.69e-10 s                  ; 6.21e-10 s                  ; No                         ; No                         ; 3.08 V                      ; 3.41e-06 V                  ; 3.16 V             ; -0.0688 V          ; 0.26 V                              ; 0.209 V                             ; 4.69e-10 s                 ; 6.21e-10 s                 ; No                        ; No                        ;
; P2[0]               ; 3.3-V LVTTL  ; 0 s                 ; 0 s                 ; 3.08 V                       ; 3.41e-06 V                   ; 3.16 V              ; -0.0694 V           ; 0.259 V                              ; 0.209 V                              ; 4.69e-10 s                  ; 6.21e-10 s                  ; No                         ; No                         ; 3.08 V                      ; 3.41e-06 V                  ; 3.16 V             ; -0.0694 V          ; 0.259 V                             ; 0.209 V                             ; 4.69e-10 s                 ; 6.21e-10 s                 ; No                        ; No                        ;
; P2[1]               ; 3.3-V LVTTL  ; 0 s                 ; 0 s                 ; 3.08 V                       ; 3.41e-06 V                   ; 3.16 V              ; -0.0688 V           ; 0.26 V                               ; 0.209 V                              ; 4.69e-10 s                  ; 6.21e-10 s                  ; No                         ; No                         ; 3.08 V                      ; 3.41e-06 V                  ; 3.16 V             ; -0.0688 V          ; 0.26 V                              ; 0.209 V                             ; 4.69e-10 s                 ; 6.21e-10 s                 ; No                        ; No                        ;
; P2[2]               ; 3.3-V LVTTL  ; 0 s                 ; 0 s                 ; 3.08 V                       ; 3.41e-06 V                   ; 3.16 V              ; -0.0688 V           ; 0.26 V                               ; 0.209 V                              ; 4.69e-10 s                  ; 6.21e-10 s                  ; No                         ; No                         ; 3.08 V                      ; 3.41e-06 V                  ; 3.16 V             ; -0.0688 V          ; 0.26 V                              ; 0.209 V                             ; 4.69e-10 s                 ; 6.21e-10 s                 ; No                        ; No                        ;
; P2[3]               ; 3.3-V LVTTL  ; 0 s                 ; 0 s                 ; 3.08 V                       ; 3.41e-06 V                   ; 3.16 V              ; -0.0694 V           ; 0.259 V                              ; 0.209 V                              ; 4.69e-10 s                  ; 6.21e-10 s                  ; No                         ; No                         ; 3.08 V                      ; 3.41e-06 V                  ; 3.16 V             ; -0.0694 V          ; 0.259 V                             ; 0.209 V                             ; 4.69e-10 s                 ; 6.21e-10 s                 ; No                        ; No                        ;
; P2[4]               ; 3.3-V LVTTL  ; 0 s                 ; 0 s                 ; 3.08 V                       ; 3.41e-06 V                   ; 3.16 V              ; -0.0694 V           ; 0.259 V                              ; 0.209 V                              ; 4.69e-10 s                  ; 6.21e-10 s                  ; No                         ; No                         ; 3.08 V                      ; 3.41e-06 V                  ; 3.16 V             ; -0.0694 V          ; 0.259 V                             ; 0.209 V                             ; 4.69e-10 s                 ; 6.21e-10 s                 ; No                        ; No                        ;
; P2[5]               ; 3.3-V LVTTL  ; 0 s                 ; 0 s                 ; 3.08 V                       ; 3.41e-06 V                   ; 3.15 V              ; -0.0625 V           ; 0.334 V                              ; 0.27 V                               ; 5.02e-10 s                  ; 6.47e-10 s                  ; No                         ; No                         ; 3.08 V                      ; 3.41e-06 V                  ; 3.15 V             ; -0.0625 V          ; 0.334 V                             ; 0.27 V                              ; 5.02e-10 s                 ; 6.47e-10 s                 ; No                        ; No                        ;
; P2[6]               ; 3.3-V LVTTL  ; 0 s                 ; 0 s                 ; 3.08 V                       ; 3.41e-06 V                   ; 3.16 V              ; -0.0694 V           ; 0.259 V                              ; 0.209 V                              ; 4.69e-10 s                  ; 6.21e-10 s                  ; No                         ; No                         ; 3.08 V                      ; 3.41e-06 V                  ; 3.16 V             ; -0.0694 V          ; 0.259 V                             ; 0.209 V                             ; 4.69e-10 s                 ; 6.21e-10 s                 ; No                        ; No                        ;
; P2[7]               ; 3.3-V LVTTL  ; 0 s                 ; 0 s                 ; 3.08 V                       ; 3.41e-06 V                   ; 3.16 V              ; -0.0688 V           ; 0.26 V                               ; 0.209 V                              ; 4.69e-10 s                  ; 6.21e-10 s                  ; No                         ; No                         ; 3.08 V                      ; 3.41e-06 V                  ; 3.16 V             ; -0.0688 V          ; 0.26 V                              ; 0.209 V                             ; 4.69e-10 s                 ; 6.21e-10 s                 ; No                        ; No                        ;
; P3[0]               ; 3.3-V LVTTL  ; 0 s                 ; 0 s                 ; 3.08 V                       ; 3.41e-06 V                   ; 3.16 V              ; -0.0694 V           ; 0.259 V                              ; 0.209 V                              ; 4.69e-10 s                  ; 6.21e-10 s                  ; No                         ; No                         ; 3.08 V                      ; 3.41e-06 V                  ; 3.16 V             ; -0.0694 V          ; 0.259 V                             ; 0.209 V                             ; 4.69e-10 s                 ; 6.21e-10 s                 ; No                        ; No                        ;
; P3[1]               ; 3.3-V LVTTL  ; 0 s                 ; 0 s                 ; 3.08 V                       ; 3.41e-06 V                   ; 3.16 V              ; -0.0694 V           ; 0.259 V                              ; 0.209 V                              ; 4.69e-10 s                  ; 6.21e-10 s                  ; No                         ; No                         ; 3.08 V                      ; 3.41e-06 V                  ; 3.16 V             ; -0.0694 V          ; 0.259 V                             ; 0.209 V                             ; 4.69e-10 s                 ; 6.21e-10 s                 ; No                        ; No                        ;
; P3[2]               ; 3.3-V LVTTL  ; 0 s                 ; 0 s                 ; 3.08 V                       ; 3.41e-06 V                   ; 3.15 V              ; -0.0625 V           ; 0.334 V                              ; 0.27 V                               ; 5.02e-10 s                  ; 6.47e-10 s                  ; No                         ; No                         ; 3.08 V                      ; 3.41e-06 V                  ; 3.15 V             ; -0.0625 V          ; 0.334 V                             ; 0.27 V                              ; 5.02e-10 s                 ; 6.47e-10 s                 ; No                        ; No                        ;
; P3[3]               ; 3.3-V LVTTL  ; 0 s                 ; 0 s                 ; 3.08 V                       ; 3.41e-06 V                   ; 3.16 V              ; -0.0688 V           ; 0.26 V                               ; 0.209 V                              ; 4.69e-10 s                  ; 6.21e-10 s                  ; No                         ; No                         ; 3.08 V                      ; 3.41e-06 V                  ; 3.16 V             ; -0.0688 V          ; 0.26 V                              ; 0.209 V                             ; 4.69e-10 s                 ; 6.21e-10 s                 ; No                        ; No                        ;
; P3[4]               ; 3.3-V LVTTL  ; 0 s                 ; 0 s                 ; 3.08 V                       ; 3.41e-06 V                   ; 3.15 V              ; -0.0637 V           ; 0.337 V                              ; 0.271 V                              ; 5.02e-10 s                  ; 6.47e-10 s                  ; No                         ; No                         ; 3.08 V                      ; 3.41e-06 V                  ; 3.15 V             ; -0.0637 V          ; 0.337 V                             ; 0.271 V                             ; 5.02e-10 s                 ; 6.47e-10 s                 ; No                        ; No                        ;
; P3[5]               ; 3.3-V LVTTL  ; 0 s                 ; 0 s                 ; 3.08 V                       ; 3.41e-06 V                   ; 3.16 V              ; -0.0694 V           ; 0.259 V                              ; 0.209 V                              ; 4.69e-10 s                  ; 6.21e-10 s                  ; No                         ; No                         ; 3.08 V                      ; 3.41e-06 V                  ; 3.16 V             ; -0.0694 V          ; 0.259 V                             ; 0.209 V                             ; 4.69e-10 s                 ; 6.21e-10 s                 ; No                        ; No                        ;
; P3[6]               ; 3.3-V LVTTL  ; 0 s                 ; 0 s                 ; 3.08 V                       ; 3.41e-06 V                   ; 3.16 V              ; -0.0694 V           ; 0.259 V                              ; 0.209 V                              ; 4.69e-10 s                  ; 6.21e-10 s                  ; No                         ; No                         ; 3.08 V                      ; 3.41e-06 V                  ; 3.16 V             ; -0.0694 V          ; 0.259 V                             ; 0.209 V                             ; 4.69e-10 s                 ; 6.21e-10 s                 ; No                        ; No                        ;
; P3[7]               ; 3.3-V LVTTL  ; 0 s                 ; 0 s                 ; 3.08 V                       ; 3.41e-06 V                   ; 3.16 V              ; -0.0688 V           ; 0.26 V                               ; 0.209 V                              ; 4.69e-10 s                  ; 6.21e-10 s                  ; No                         ; No                         ; 3.08 V                      ; 3.41e-06 V                  ; 3.16 V             ; -0.0688 V          ; 0.26 V                              ; 0.209 V                             ; 4.69e-10 s                 ; 6.21e-10 s                 ; No                        ; No                        ;
; P4[0]               ; 3.3-V LVTTL  ; 0 s                 ; 0 s                 ; 3.08 V                       ; 3.41e-06 V                   ; 3.16 V              ; -0.0688 V           ; 0.26 V                               ; 0.209 V                              ; 4.69e-10 s                  ; 6.21e-10 s                  ; No                         ; No                         ; 3.08 V                      ; 3.41e-06 V                  ; 3.16 V             ; -0.0688 V          ; 0.26 V                              ; 0.209 V                             ; 4.69e-10 s                 ; 6.21e-10 s                 ; No                        ; No                        ;
; P4[1]               ; 3.3-V LVTTL  ; 0 s                 ; 0 s                 ; 3.08 V                       ; 3.41e-06 V                   ; 3.15 V              ; -0.0637 V           ; 0.337 V                              ; 0.271 V                              ; 5.02e-10 s                  ; 6.47e-10 s                  ; No                         ; No                         ; 3.08 V                      ; 3.41e-06 V                  ; 3.15 V             ; -0.0637 V          ; 0.337 V                             ; 0.271 V                             ; 5.02e-10 s                 ; 6.47e-10 s                 ; No                        ; No                        ;
; P4[2]               ; 3.3-V LVTTL  ; 0 s                 ; 0 s                 ; 3.08 V                       ; 3.41e-06 V                   ; 3.15 V              ; -0.0637 V           ; 0.337 V                              ; 0.271 V                              ; 5.02e-10 s                  ; 6.47e-10 s                  ; No                         ; No                         ; 3.08 V                      ; 3.41e-06 V                  ; 3.15 V             ; -0.0637 V          ; 0.337 V                             ; 0.271 V                             ; 5.02e-10 s                 ; 6.47e-10 s                 ; No                        ; No                        ;
; P4[3]               ; 3.3-V LVTTL  ; 0 s                 ; 0 s                 ; 3.08 V                       ; 3.41e-06 V                   ; 3.15 V              ; -0.0625 V           ; 0.334 V                              ; 0.27 V                               ; 5.02e-10 s                  ; 6.47e-10 s                  ; No                         ; No                         ; 3.08 V                      ; 3.41e-06 V                  ; 3.15 V             ; -0.0625 V          ; 0.334 V                             ; 0.27 V                              ; 5.02e-10 s                 ; 6.47e-10 s                 ; No                        ; No                        ;
; P4[4]               ; 3.3-V LVTTL  ; 0 s                 ; 0 s                 ; 3.08 V                       ; 3.41e-06 V                   ; 3.15 V              ; -0.0637 V           ; 0.337 V                              ; 0.271 V                              ; 5.02e-10 s                  ; 6.47e-10 s                  ; No                         ; No                         ; 3.08 V                      ; 3.41e-06 V                  ; 3.15 V             ; -0.0637 V          ; 0.337 V                             ; 0.271 V                             ; 5.02e-10 s                 ; 6.47e-10 s                 ; No                        ; No                        ;
; P4[5]               ; 3.3-V LVTTL  ; 0 s                 ; 0 s                 ; 3.08 V                       ; 3.41e-06 V                   ; 3.15 V              ; -0.0637 V           ; 0.337 V                              ; 0.271 V                              ; 5.02e-10 s                  ; 6.47e-10 s                  ; No                         ; No                         ; 3.08 V                      ; 3.41e-06 V                  ; 3.15 V             ; -0.0637 V          ; 0.337 V                             ; 0.271 V                             ; 5.02e-10 s                 ; 6.47e-10 s                 ; No                        ; No                        ;
; P4[6]               ; 3.3-V LVTTL  ; 0 s                 ; 0 s                 ; 3.08 V                       ; 3.41e-06 V                   ; 3.16 V              ; -0.0688 V           ; 0.26 V                               ; 0.209 V                              ; 4.69e-10 s                  ; 6.21e-10 s                  ; No                         ; No                         ; 3.08 V                      ; 3.41e-06 V                  ; 3.16 V             ; -0.0688 V          ; 0.26 V                              ; 0.209 V                             ; 4.69e-10 s                 ; 6.21e-10 s                 ; No                        ; No                        ;
; P4[7]               ; 3.3-V LVTTL  ; 0 s                 ; 0 s                 ; 3.08 V                       ; 3.41e-06 V                   ; 3.16 V              ; -0.0688 V           ; 0.26 V                               ; 0.209 V                              ; 4.69e-10 s                  ; 6.21e-10 s                  ; No                         ; No                         ; 3.08 V                      ; 3.41e-06 V                  ; 3.16 V             ; -0.0688 V          ; 0.26 V                              ; 0.209 V                             ; 4.69e-10 s                 ; 6.21e-10 s                 ; No                        ; No                        ;
; altera_reserved_tdo ; 2.5 V        ; 0 s                 ; 0 s                 ; 2.32 V                       ; 1.97e-06 V                   ; 2.36 V              ; -0.0173 V           ; 0.144 V                              ; 0.094 V                              ; 6.44e-10 s                  ; 7.2e-10 s                   ; No                         ; Yes                        ; 2.32 V                      ; 1.97e-06 V                  ; 2.36 V             ; -0.0173 V          ; 0.144 V                             ; 0.094 V                             ; 6.44e-10 s                 ; 7.2e-10 s                  ; No                        ; Yes                       ;
+---------------------+--------------+---------------------+---------------------+------------------------------+------------------------------+---------------------+---------------------+--------------------------------------+--------------------------------------+-----------------------------+-----------------------------+----------------------------+----------------------------+-----------------------------+-----------------------------+--------------------+--------------------+-------------------------------------+-------------------------------------+----------------------------+----------------------------+---------------------------+---------------------------+


+--------------------------------------------------------------------------------------------------------------------------------------------------------------------------------------------------------------------------------------------------------------------------------------------------------------------------------------------------------------------------------------------------------------------------------------------------------------------------------------------------------------------------------------------------------------------------------------------------------------------------------------------------------------------------------------------------+
; Signal Integrity Metrics (Fast 1200mv 0c Model)                                                                                                                                                                                                                                                                                                                                                                                                                                                                                                                                                                                                                                                  ;
+---------------------+--------------+---------------------+---------------------+------------------------------+------------------------------+---------------------+---------------------+--------------------------------------+--------------------------------------+-----------------------------+-----------------------------+----------------------------+----------------------------+-----------------------------+-----------------------------+--------------------+--------------------+-------------------------------------+-------------------------------------+----------------------------+----------------------------+---------------------------+---------------------------+
; Pin                 ; I/O Standard ; Board Delay on Rise ; Board Delay on Fall ; Steady State Voh at FPGA Pin ; Steady State Vol at FPGA Pin ; Voh Max at FPGA Pin ; Vol Min at FPGA Pin ; Ringback Voltage on Rise at FPGA Pin ; Ringback Voltage on Fall at FPGA Pin ; 10-90 Rise Time at FPGA Pin ; 90-10 Fall Time at FPGA Pin ; Monotonic Rise at FPGA Pin ; Monotonic Fall at FPGA Pin ; Steady State Voh at Far-end ; Steady State Vol at Far-end ; Voh Max at Far-end ; Vol Min at Far-end ; Ringback Voltage on Rise at Far-end ; Ringback Voltage on Fall at Far-end ; 10-90 Rise Time at Far-end ; 90-10 Fall Time at Far-end ; Monotonic Rise at Far-end ; Monotonic Fall at Far-end ;
+---------------------+--------------+---------------------+---------------------+------------------------------+------------------------------+---------------------+---------------------+--------------------------------------+--------------------------------------+-----------------------------+-----------------------------+----------------------------+----------------------------+-----------------------------+-----------------------------+--------------------+--------------------+-------------------------------------+-------------------------------------+----------------------------+----------------------------+---------------------------+---------------------------+
; GNDKEY2             ; 3.3-V LVTTL  ; 0 s                 ; 0 s                 ; 3.46 V                       ; 5.04e-07 V                   ; 3.65 V              ; -0.0209 V           ; 0.391 V                              ; 0.09 V                               ; 2.79e-10 s                  ; 3.95e-10 s                  ; No                         ; Yes                        ; 3.46 V                      ; 5.04e-07 V                  ; 3.65 V             ; -0.0209 V          ; 0.391 V                             ; 0.09 V                              ; 2.79e-10 s                 ; 3.95e-10 s                 ; No                        ; Yes                       ;
; GNDKEY3             ; 3.3-V LVTTL  ; 0 s                 ; 0 s                 ; 3.46 V                       ; 5.04e-07 V                   ; 3.65 V              ; -0.0209 V           ; 0.391 V                              ; 0.09 V                               ; 2.79e-10 s                  ; 3.95e-10 s                  ; No                         ; Yes                        ; 3.46 V                      ; 5.04e-07 V                  ; 3.65 V             ; -0.0209 V          ; 0.391 V                             ; 0.09 V                              ; 2.79e-10 s                 ; 3.95e-10 s                 ; No                        ; Yes                       ;
; HEX0_out[0]         ; 3.3-V LVTTL  ; 0 s                 ; 0 s                 ; 3.46 V                       ; 5.04e-07 V                   ; 3.64 V              ; -0.0201 V           ; 0.391 V                              ; 0.088 V                              ; 2.79e-10 s                  ; 3.95e-10 s                  ; No                         ; Yes                        ; 3.46 V                      ; 5.04e-07 V                  ; 3.64 V             ; -0.0201 V          ; 0.391 V                             ; 0.088 V                             ; 2.79e-10 s                 ; 3.95e-10 s                 ; No                        ; Yes                       ;
; HEX0_out[1]         ; 3.3-V LVTTL  ; 0 s                 ; 0 s                 ; 3.46 V                       ; 5.04e-07 V                   ; 3.65 V              ; -0.0209 V           ; 0.391 V                              ; 0.09 V                               ; 2.79e-10 s                  ; 3.95e-10 s                  ; No                         ; Yes                        ; 3.46 V                      ; 5.04e-07 V                  ; 3.65 V             ; -0.0209 V          ; 0.391 V                             ; 0.09 V                              ; 2.79e-10 s                 ; 3.95e-10 s                 ; No                        ; Yes                       ;
; HEX0_out[2]         ; 3.3-V LVTTL  ; 0 s                 ; 0 s                 ; 3.46 V                       ; 5.04e-07 V                   ; 3.65 V              ; -0.0209 V           ; 0.391 V                              ; 0.09 V                               ; 2.79e-10 s                  ; 3.95e-10 s                  ; No                         ; Yes                        ; 3.46 V                      ; 5.04e-07 V                  ; 3.65 V             ; -0.0209 V          ; 0.391 V                             ; 0.09 V                              ; 2.79e-10 s                 ; 3.95e-10 s                 ; No                        ; Yes                       ;
; HEX0_out[3]         ; 3.3-V LVTTL  ; 0 s                 ; 0 s                 ; 3.46 V                       ; 5.04e-07 V                   ; 3.64 V              ; -0.0201 V           ; 0.391 V                              ; 0.088 V                              ; 2.79e-10 s                  ; 3.95e-10 s                  ; No                         ; Yes                        ; 3.46 V                      ; 5.04e-07 V                  ; 3.64 V             ; -0.0201 V          ; 0.391 V                             ; 0.088 V                             ; 2.79e-10 s                 ; 3.95e-10 s                 ; No                        ; Yes                       ;
; HEX0_out[4]         ; 3.3-V LVTTL  ; 0 s                 ; 0 s                 ; 3.46 V                       ; 5.04e-07 V                   ; 3.64 V              ; -0.0201 V           ; 0.391 V                              ; 0.088 V                              ; 2.79e-10 s                  ; 3.95e-10 s                  ; No                         ; Yes                        ; 3.46 V                      ; 5.04e-07 V                  ; 3.64 V             ; -0.0201 V          ; 0.391 V                             ; 0.088 V                             ; 2.79e-10 s                 ; 3.95e-10 s                 ; No                        ; Yes                       ;
; HEX0_out[5]         ; 3.3-V LVTTL  ; 0 s                 ; 0 s                 ; 3.46 V                       ; 5.04e-07 V                   ; 3.64 V              ; -0.0201 V           ; 0.391 V                              ; 0.088 V                              ; 2.79e-10 s                  ; 3.95e-10 s                  ; No                         ; Yes                        ; 3.46 V                      ; 5.04e-07 V                  ; 3.64 V             ; -0.0201 V          ; 0.391 V                             ; 0.088 V                             ; 2.79e-10 s                 ; 3.95e-10 s                 ; No                        ; Yes                       ;
; HEX0_out[6]         ; 3.3-V LVTTL  ; 0 s                 ; 0 s                 ; 3.46 V                       ; 5.04e-07 V                   ; 3.65 V              ; -0.0209 V           ; 0.391 V                              ; 0.09 V                               ; 2.79e-10 s                  ; 3.95e-10 s                  ; No                         ; Yes                        ; 3.46 V                      ; 5.04e-07 V                  ; 3.65 V             ; -0.0209 V          ; 0.391 V                             ; 0.09 V                              ; 2.79e-10 s                 ; 3.95e-10 s                 ; No                        ; Yes                       ;
; HEX0_out[7]         ; 3.3-V LVTTL  ; 0 s                 ; 0 s                 ; 3.46 V                       ; 5.04e-07 V                   ; 3.64 V              ; -0.0201 V           ; 0.391 V                              ; 0.088 V                              ; 2.79e-10 s                  ; 3.95e-10 s                  ; No                         ; Yes                        ; 3.46 V                      ; 5.04e-07 V                  ; 3.64 V             ; -0.0201 V          ; 0.391 V                             ; 0.088 V                             ; 2.79e-10 s                 ; 3.95e-10 s                 ; No                        ; Yes                       ;
; HEX1_out[0]         ; 3.3-V LVTTL  ; 0 s                 ; 0 s                 ; 3.46 V                       ; 5.04e-07 V                   ; 3.64 V              ; -0.0201 V           ; 0.391 V                              ; 0.088 V                              ; 2.79e-10 s                  ; 3.95e-10 s                  ; No                         ; Yes                        ; 3.46 V                      ; 5.04e-07 V                  ; 3.64 V             ; -0.0201 V          ; 0.391 V                             ; 0.088 V                             ; 2.79e-10 s                 ; 3.95e-10 s                 ; No                        ; Yes                       ;
; HEX1_out[1]         ; 3.3-V LVTTL  ; 0 s                 ; 0 s                 ; 3.46 V                       ; 5.04e-07 V                   ; 3.64 V              ; -0.0201 V           ; 0.391 V                              ; 0.088 V                              ; 2.79e-10 s                  ; 3.95e-10 s                  ; No                         ; Yes                        ; 3.46 V                      ; 5.04e-07 V                  ; 3.64 V             ; -0.0201 V          ; 0.391 V                             ; 0.088 V                             ; 2.79e-10 s                 ; 3.95e-10 s                 ; No                        ; Yes                       ;
; HEX1_out[2]         ; 3.3-V LVTTL  ; 0 s                 ; 0 s                 ; 3.46 V                       ; 5.04e-07 V                   ; 3.65 V              ; -0.0209 V           ; 0.391 V                              ; 0.09 V                               ; 2.79e-10 s                  ; 3.95e-10 s                  ; No                         ; Yes                        ; 3.46 V                      ; 5.04e-07 V                  ; 3.65 V             ; -0.0209 V          ; 0.391 V                             ; 0.09 V                              ; 2.79e-10 s                 ; 3.95e-10 s                 ; No                        ; Yes                       ;
; HEX1_out[3]         ; 3.3-V LVTTL  ; 0 s                 ; 0 s                 ; 3.46 V                       ; 5.04e-07 V                   ; 3.64 V              ; -0.0201 V           ; 0.391 V                              ; 0.088 V                              ; 2.79e-10 s                  ; 3.95e-10 s                  ; No                         ; Yes                        ; 3.46 V                      ; 5.04e-07 V                  ; 3.64 V             ; -0.0201 V          ; 0.391 V                             ; 0.088 V                             ; 2.79e-10 s                 ; 3.95e-10 s                 ; No                        ; Yes                       ;
; HEX1_out[4]         ; 3.3-V LVTTL  ; 0 s                 ; 0 s                 ; 3.46 V                       ; 5.04e-07 V                   ; 3.65 V              ; -0.0209 V           ; 0.391 V                              ; 0.09 V                               ; 2.79e-10 s                  ; 3.95e-10 s                  ; No                         ; Yes                        ; 3.46 V                      ; 5.04e-07 V                  ; 3.65 V             ; -0.0209 V          ; 0.391 V                             ; 0.09 V                              ; 2.79e-10 s                 ; 3.95e-10 s                 ; No                        ; Yes                       ;
; HEX1_out[5]         ; 3.3-V LVTTL  ; 0 s                 ; 0 s                 ; 3.46 V                       ; 5.04e-07 V                   ; 3.64 V              ; -0.0201 V           ; 0.391 V                              ; 0.088 V                              ; 2.79e-10 s                  ; 3.95e-10 s                  ; No                         ; Yes                        ; 3.46 V                      ; 5.04e-07 V                  ; 3.64 V             ; -0.0201 V          ; 0.391 V                             ; 0.088 V                             ; 2.79e-10 s                 ; 3.95e-10 s                 ; No                        ; Yes                       ;
; HEX1_out[6]         ; 3.3-V LVTTL  ; 0 s                 ; 0 s                 ; 3.46 V                       ; 5.04e-07 V                   ; 3.65 V              ; -0.0209 V           ; 0.391 V                              ; 0.09 V                               ; 2.79e-10 s                  ; 3.95e-10 s                  ; No                         ; Yes                        ; 3.46 V                      ; 5.04e-07 V                  ; 3.65 V             ; -0.0209 V          ; 0.391 V                             ; 0.09 V                              ; 2.79e-10 s                 ; 3.95e-10 s                 ; No                        ; Yes                       ;
; HEX1_out[7]         ; 3.3-V LVTTL  ; 0 s                 ; 0 s                 ; 3.46 V                       ; 5.04e-07 V                   ; 3.65 V              ; -0.0209 V           ; 0.391 V                              ; 0.09 V                               ; 2.79e-10 s                  ; 3.95e-10 s                  ; No                         ; Yes                        ; 3.46 V                      ; 5.04e-07 V                  ; 3.65 V             ; -0.0209 V          ; 0.391 V                             ; 0.09 V                              ; 2.79e-10 s                 ; 3.95e-10 s                 ; No                        ; Yes                       ;
; HEX2_out[0]         ; 3.3-V LVTTL  ; 0 s                 ; 0 s                 ; 3.46 V                       ; 5.04e-07 V                   ; 3.64 V              ; -0.0201 V           ; 0.391 V                              ; 0.088 V                              ; 2.79e-10 s                  ; 3.95e-10 s                  ; No                         ; Yes                        ; 3.46 V                      ; 5.04e-07 V                  ; 3.64 V             ; -0.0201 V          ; 0.391 V                             ; 0.088 V                             ; 2.79e-10 s                 ; 3.95e-10 s                 ; No                        ; Yes                       ;
; HEX2_out[1]         ; 3.3-V LVTTL  ; 0 s                 ; 0 s                 ; 3.46 V                       ; 5.04e-07 V                   ; 3.64 V              ; -0.0201 V           ; 0.391 V                              ; 0.088 V                              ; 2.79e-10 s                  ; 3.95e-10 s                  ; No                         ; Yes                        ; 3.46 V                      ; 5.04e-07 V                  ; 3.64 V             ; -0.0201 V          ; 0.391 V                             ; 0.088 V                             ; 2.79e-10 s                 ; 3.95e-10 s                 ; No                        ; Yes                       ;
; HEX2_out[2]         ; 3.3-V LVTTL  ; 0 s                 ; 0 s                 ; 3.46 V                       ; 5.04e-07 V                   ; 3.65 V              ; -0.0209 V           ; 0.391 V                              ; 0.09 V                               ; 2.79e-10 s                  ; 3.95e-10 s                  ; No                         ; Yes                        ; 3.46 V                      ; 5.04e-07 V                  ; 3.65 V             ; -0.0209 V          ; 0.391 V                             ; 0.09 V                              ; 2.79e-10 s                 ; 3.95e-10 s                 ; No                        ; Yes                       ;
; HEX2_out[3]         ; 3.3-V LVTTL  ; 0 s                 ; 0 s                 ; 3.46 V                       ; 5.04e-07 V                   ; 3.65 V              ; -0.0209 V           ; 0.391 V                              ; 0.09 V                               ; 2.79e-10 s                  ; 3.95e-10 s                  ; No                         ; Yes                        ; 3.46 V                      ; 5.04e-07 V                  ; 3.65 V             ; -0.0209 V          ; 0.391 V                             ; 0.09 V                              ; 2.79e-10 s                 ; 3.95e-10 s                 ; No                        ; Yes                       ;
; HEX2_out[4]         ; 3.3-V LVTTL  ; 0 s                 ; 0 s                 ; 3.46 V                       ; 5.04e-07 V                   ; 3.65 V              ; -0.0209 V           ; 0.391 V                              ; 0.09 V                               ; 2.79e-10 s                  ; 3.95e-10 s                  ; No                         ; Yes                        ; 3.46 V                      ; 5.04e-07 V                  ; 3.65 V             ; -0.0209 V          ; 0.391 V                             ; 0.09 V                              ; 2.79e-10 s                 ; 3.95e-10 s                 ; No                        ; Yes                       ;
; HEX2_out[5]         ; 3.3-V LVTTL  ; 0 s                 ; 0 s                 ; 3.46 V                       ; 5.04e-07 V                   ; 3.65 V              ; -0.0209 V           ; 0.391 V                              ; 0.09 V                               ; 2.79e-10 s                  ; 3.95e-10 s                  ; No                         ; Yes                        ; 3.46 V                      ; 5.04e-07 V                  ; 3.65 V             ; -0.0209 V          ; 0.391 V                             ; 0.09 V                              ; 2.79e-10 s                 ; 3.95e-10 s                 ; No                        ; Yes                       ;
; HEX2_out[6]         ; 3.3-V LVTTL  ; 0 s                 ; 0 s                 ; 3.46 V                       ; 5.04e-07 V                   ; 3.64 V              ; -0.0201 V           ; 0.391 V                              ; 0.088 V                              ; 2.79e-10 s                  ; 3.95e-10 s                  ; No                         ; Yes                        ; 3.46 V                      ; 5.04e-07 V                  ; 3.64 V             ; -0.0201 V          ; 0.391 V                             ; 0.088 V                             ; 2.79e-10 s                 ; 3.95e-10 s                 ; No                        ; Yes                       ;
; HEX2_out[7]         ; 3.3-V LVTTL  ; 0 s                 ; 0 s                 ; 3.46 V                       ; 5.04e-07 V                   ; 3.65 V              ; -0.0209 V           ; 0.391 V                              ; 0.09 V                               ; 2.79e-10 s                  ; 3.95e-10 s                  ; No                         ; Yes                        ; 3.46 V                      ; 5.04e-07 V                  ; 3.65 V             ; -0.0209 V          ; 0.391 V                             ; 0.09 V                              ; 2.79e-10 s                 ; 3.95e-10 s                 ; No                        ; Yes                       ;
; HEX3_out[0]         ; 3.3-V LVTTL  ; 0 s                 ; 0 s                 ; 3.46 V                       ; 5.04e-07 V                   ; 3.64 V              ; -0.0201 V           ; 0.391 V                              ; 0.088 V                              ; 2.79e-10 s                  ; 3.95e-10 s                  ; No                         ; Yes                        ; 3.46 V                      ; 5.04e-07 V                  ; 3.64 V             ; -0.0201 V          ; 0.391 V                             ; 0.088 V                             ; 2.79e-10 s                 ; 3.95e-10 s                 ; No                        ; Yes                       ;
; HEX3_out[1]         ; 3.3-V LVTTL  ; 0 s                 ; 0 s                 ; 3.46 V                       ; 5.04e-07 V                   ; 3.64 V              ; -0.0201 V           ; 0.391 V                              ; 0.088 V                              ; 2.79e-10 s                  ; 3.95e-10 s                  ; No                         ; Yes                        ; 3.46 V                      ; 5.04e-07 V                  ; 3.64 V             ; -0.0201 V          ; 0.391 V                             ; 0.088 V                             ; 2.79e-10 s                 ; 3.95e-10 s                 ; No                        ; Yes                       ;
; HEX3_out[2]         ; 3.3-V LVTTL  ; 0 s                 ; 0 s                 ; 3.46 V                       ; 5.04e-07 V                   ; 3.65 V              ; -0.0209 V           ; 0.391 V                              ; 0.09 V                               ; 2.79e-10 s                  ; 3.95e-10 s                  ; No                         ; Yes                        ; 3.46 V                      ; 5.04e-07 V                  ; 3.65 V             ; -0.0209 V          ; 0.391 V                             ; 0.09 V                              ; 2.79e-10 s                 ; 3.95e-10 s                 ; No                        ; Yes                       ;
; HEX3_out[3]         ; 3.3-V LVTTL  ; 0 s                 ; 0 s                 ; 3.46 V                       ; 5.04e-07 V                   ; 3.64 V              ; -0.0201 V           ; 0.391 V                              ; 0.088 V                              ; 2.79e-10 s                  ; 3.95e-10 s                  ; No                         ; Yes                        ; 3.46 V                      ; 5.04e-07 V                  ; 3.64 V             ; -0.0201 V          ; 0.391 V                             ; 0.088 V                             ; 2.79e-10 s                 ; 3.95e-10 s                 ; No                        ; Yes                       ;
; HEX3_out[4]         ; 3.3-V LVTTL  ; 0 s                 ; 0 s                 ; 3.46 V                       ; 5.04e-07 V                   ; 3.64 V              ; -0.0201 V           ; 0.391 V                              ; 0.088 V                              ; 2.79e-10 s                  ; 3.95e-10 s                  ; No                         ; Yes                        ; 3.46 V                      ; 5.04e-07 V                  ; 3.64 V             ; -0.0201 V          ; 0.391 V                             ; 0.088 V                             ; 2.79e-10 s                 ; 3.95e-10 s                 ; No                        ; Yes                       ;
; HEX3_out[5]         ; 3.3-V LVTTL  ; 0 s                 ; 0 s                 ; 3.46 V                       ; 5.04e-07 V                   ; 3.65 V              ; -0.0209 V           ; 0.391 V                              ; 0.09 V                               ; 2.79e-10 s                  ; 3.95e-10 s                  ; No                         ; Yes                        ; 3.46 V                      ; 5.04e-07 V                  ; 3.65 V             ; -0.0209 V          ; 0.391 V                             ; 0.09 V                              ; 2.79e-10 s                 ; 3.95e-10 s                 ; No                        ; Yes                       ;
; HEX3_out[6]         ; 3.3-V LVTTL  ; 0 s                 ; 0 s                 ; 3.46 V                       ; 5.04e-07 V                   ; 3.65 V              ; -0.0209 V           ; 0.391 V                              ; 0.09 V                               ; 2.79e-10 s                  ; 3.95e-10 s                  ; No                         ; Yes                        ; 3.46 V                      ; 5.04e-07 V                  ; 3.65 V             ; -0.0209 V          ; 0.391 V                             ; 0.09 V                              ; 2.79e-10 s                 ; 3.95e-10 s                 ; No                        ; Yes                       ;
; HEX3_out[7]         ; 3.3-V LVTTL  ; 0 s                 ; 0 s                 ; 3.46 V                       ; 5.04e-07 V                   ; 3.64 V              ; -0.0201 V           ; 0.391 V                              ; 0.088 V                              ; 2.79e-10 s                  ; 3.95e-10 s                  ; No                         ; Yes                        ; 3.46 V                      ; 5.04e-07 V                  ; 3.64 V             ; -0.0201 V          ; 0.391 V                             ; 0.088 V                             ; 2.79e-10 s                 ; 3.95e-10 s                 ; No                        ; Yes                       ;
; HEX4_out[0]         ; 3.3-V LVTTL  ; 0 s                 ; 0 s                 ; 3.46 V                       ; 5.04e-07 V                   ; 3.65 V              ; -0.0209 V           ; 0.391 V                              ; 0.09 V                               ; 2.79e-10 s                  ; 3.95e-10 s                  ; No                         ; Yes                        ; 3.46 V                      ; 5.04e-07 V                  ; 3.65 V             ; -0.0209 V          ; 0.391 V                             ; 0.09 V                              ; 2.79e-10 s                 ; 3.95e-10 s                 ; No                        ; Yes                       ;
; HEX4_out[1]         ; 3.3-V LVTTL  ; 0 s                 ; 0 s                 ; 3.46 V                       ; 5.04e-07 V                   ; 3.65 V              ; -0.0209 V           ; 0.391 V                              ; 0.09 V                               ; 2.79e-10 s                  ; 3.95e-10 s                  ; No                         ; Yes                        ; 3.46 V                      ; 5.04e-07 V                  ; 3.65 V             ; -0.0209 V          ; 0.391 V                             ; 0.09 V                              ; 2.79e-10 s                 ; 3.95e-10 s                 ; No                        ; Yes                       ;
; HEX4_out[2]         ; 3.3-V LVTTL  ; 0 s                 ; 0 s                 ; 3.46 V                       ; 5.04e-07 V                   ; 3.64 V              ; -0.0201 V           ; 0.391 V                              ; 0.088 V                              ; 2.79e-10 s                  ; 3.95e-10 s                  ; No                         ; Yes                        ; 3.46 V                      ; 5.04e-07 V                  ; 3.64 V             ; -0.0201 V          ; 0.391 V                             ; 0.088 V                             ; 2.79e-10 s                 ; 3.95e-10 s                 ; No                        ; Yes                       ;
; HEX4_out[3]         ; 3.3-V LVTTL  ; 0 s                 ; 0 s                 ; 3.46 V                       ; 5.04e-07 V                   ; 3.65 V              ; -0.0209 V           ; 0.391 V                              ; 0.09 V                               ; 2.79e-10 s                  ; 3.95e-10 s                  ; No                         ; Yes                        ; 3.46 V                      ; 5.04e-07 V                  ; 3.65 V             ; -0.0209 V          ; 0.391 V                             ; 0.09 V                              ; 2.79e-10 s                 ; 3.95e-10 s                 ; No                        ; Yes                       ;
; HEX4_out[4]         ; 3.3-V LVTTL  ; 0 s                 ; 0 s                 ; 3.46 V                       ; 5.04e-07 V                   ; 3.64 V              ; -0.0201 V           ; 0.391 V                              ; 0.088 V                              ; 2.79e-10 s                  ; 3.95e-10 s                  ; No                         ; Yes                        ; 3.46 V                      ; 5.04e-07 V                  ; 3.64 V             ; -0.0201 V          ; 0.391 V                             ; 0.088 V                             ; 2.79e-10 s                 ; 3.95e-10 s                 ; No                        ; Yes                       ;
; HEX4_out[5]         ; 3.3-V LVTTL  ; 0 s                 ; 0 s                 ; 3.46 V                       ; 5.04e-07 V                   ; 3.64 V              ; -0.0201 V           ; 0.391 V                              ; 0.088 V                              ; 2.79e-10 s                  ; 3.95e-10 s                  ; No                         ; Yes                        ; 3.46 V                      ; 5.04e-07 V                  ; 3.64 V             ; -0.0201 V          ; 0.391 V                             ; 0.088 V                             ; 2.79e-10 s                 ; 3.95e-10 s                 ; No                        ; Yes                       ;
; HEX4_out[6]         ; 3.3-V LVTTL  ; 0 s                 ; 0 s                 ; 3.46 V                       ; 5.04e-07 V                   ; 3.65 V              ; -0.0209 V           ; 0.391 V                              ; 0.09 V                               ; 2.79e-10 s                  ; 3.95e-10 s                  ; No                         ; Yes                        ; 3.46 V                      ; 5.04e-07 V                  ; 3.65 V             ; -0.0209 V          ; 0.391 V                             ; 0.09 V                              ; 2.79e-10 s                 ; 3.95e-10 s                 ; No                        ; Yes                       ;
; HEX4_out[7]         ; 3.3-V LVTTL  ; 0 s                 ; 0 s                 ; 3.46 V                       ; 5.04e-07 V                   ; 3.64 V              ; -0.0201 V           ; 0.391 V                              ; 0.088 V                              ; 2.79e-10 s                  ; 3.95e-10 s                  ; No                         ; Yes                        ; 3.46 V                      ; 5.04e-07 V                  ; 3.64 V             ; -0.0201 V          ; 0.391 V                             ; 0.088 V                             ; 2.79e-10 s                 ; 3.95e-10 s                 ; No                        ; Yes                       ;
; HEX5_out[0]         ; 3.3-V LVTTL  ; 0 s                 ; 0 s                 ; 3.46 V                       ; 5.04e-07 V                   ; 3.64 V              ; -0.0201 V           ; 0.391 V                              ; 0.088 V                              ; 2.79e-10 s                  ; 3.95e-10 s                  ; No                         ; Yes                        ; 3.46 V                      ; 5.04e-07 V                  ; 3.64 V             ; -0.0201 V          ; 0.391 V                             ; 0.088 V                             ; 2.79e-10 s                 ; 3.95e-10 s                 ; No                        ; Yes                       ;
; HEX5_out[1]         ; 3.3-V LVTTL  ; 0 s                 ; 0 s                 ; 3.46 V                       ; 5.04e-07 V                   ; 3.65 V              ; -0.0209 V           ; 0.391 V                              ; 0.09 V                               ; 2.79e-10 s                  ; 3.95e-10 s                  ; No                         ; Yes                        ; 3.46 V                      ; 5.04e-07 V                  ; 3.65 V             ; -0.0209 V          ; 0.391 V                             ; 0.09 V                              ; 2.79e-10 s                 ; 3.95e-10 s                 ; No                        ; Yes                       ;
; HEX5_out[2]         ; 3.3-V LVTTL  ; 0 s                 ; 0 s                 ; 3.46 V                       ; 5.04e-07 V                   ; 3.65 V              ; -0.0209 V           ; 0.391 V                              ; 0.09 V                               ; 2.79e-10 s                  ; 3.95e-10 s                  ; No                         ; Yes                        ; 3.46 V                      ; 5.04e-07 V                  ; 3.65 V             ; -0.0209 V          ; 0.391 V                             ; 0.09 V                              ; 2.79e-10 s                 ; 3.95e-10 s                 ; No                        ; Yes                       ;
; HEX5_out[3]         ; 3.3-V LVTTL  ; 0 s                 ; 0 s                 ; 3.46 V                       ; 5.04e-07 V                   ; 3.64 V              ; -0.0201 V           ; 0.391 V                              ; 0.088 V                              ; 2.79e-10 s                  ; 3.95e-10 s                  ; No                         ; Yes                        ; 3.46 V                      ; 5.04e-07 V                  ; 3.64 V             ; -0.0201 V          ; 0.391 V                             ; 0.088 V                             ; 2.79e-10 s                 ; 3.95e-10 s                 ; No                        ; Yes                       ;
; HEX5_out[4]         ; 3.3-V LVTTL  ; 0 s                 ; 0 s                 ; 3.46 V                       ; 5.04e-07 V                   ; 3.64 V              ; -0.0201 V           ; 0.391 V                              ; 0.088 V                              ; 2.79e-10 s                  ; 3.95e-10 s                  ; No                         ; Yes                        ; 3.46 V                      ; 5.04e-07 V                  ; 3.64 V             ; -0.0201 V          ; 0.391 V                             ; 0.088 V                             ; 2.79e-10 s                 ; 3.95e-10 s                 ; No                        ; Yes                       ;
; HEX5_out[5]         ; 3.3-V LVTTL  ; 0 s                 ; 0 s                 ; 3.46 V                       ; 5.04e-07 V                   ; 3.65 V              ; -0.0209 V           ; 0.391 V                              ; 0.09 V                               ; 2.79e-10 s                  ; 3.95e-10 s                  ; No                         ; Yes                        ; 3.46 V                      ; 5.04e-07 V                  ; 3.65 V             ; -0.0209 V          ; 0.391 V                             ; 0.09 V                              ; 2.79e-10 s                 ; 3.95e-10 s                 ; No                        ; Yes                       ;
; HEX5_out[6]         ; 3.3-V LVTTL  ; 0 s                 ; 0 s                 ; 3.46 V                       ; 5.04e-07 V                   ; 3.65 V              ; -0.0209 V           ; 0.391 V                              ; 0.09 V                               ; 2.79e-10 s                  ; 3.95e-10 s                  ; No                         ; Yes                        ; 3.46 V                      ; 5.04e-07 V                  ; 3.65 V             ; -0.0209 V          ; 0.391 V                             ; 0.09 V                              ; 2.79e-10 s                 ; 3.95e-10 s                 ; No                        ; Yes                       ;
; HEX5_out[7]         ; 3.3-V LVTTL  ; 0 s                 ; 0 s                 ; 3.46 V                       ; 5.04e-07 V                   ; 3.64 V              ; -0.0201 V           ; 0.391 V                              ; 0.088 V                              ; 2.79e-10 s                  ; 3.95e-10 s                  ; No                         ; Yes                        ; 3.46 V                      ; 5.04e-07 V                  ; 3.64 V             ; -0.0201 V          ; 0.391 V                             ; 0.088 V                             ; 2.79e-10 s                 ; 3.95e-10 s                 ; No                        ; Yes                       ;
; LEDR0_out[0]        ; 3.3-V LVTTL  ; 0 s                 ; 0 s                 ; 3.46 V                       ; 5.04e-07 V                   ; 3.65 V              ; -0.0209 V           ; 0.391 V                              ; 0.09 V                               ; 2.79e-10 s                  ; 3.95e-10 s                  ; No                         ; Yes                        ; 3.46 V                      ; 5.04e-07 V                  ; 3.65 V             ; -0.0209 V          ; 0.391 V                             ; 0.09 V                              ; 2.79e-10 s                 ; 3.95e-10 s                 ; No                        ; Yes                       ;
; LEDR0_out[1]        ; 3.3-V LVTTL  ; 0 s                 ; 0 s                 ; 3.46 V                       ; 5.04e-07 V                   ; 3.64 V              ; -0.0201 V           ; 0.391 V                              ; 0.088 V                              ; 2.79e-10 s                  ; 3.95e-10 s                  ; No                         ; Yes                        ; 3.46 V                      ; 5.04e-07 V                  ; 3.64 V             ; -0.0201 V          ; 0.391 V                             ; 0.088 V                             ; 2.79e-10 s                 ; 3.95e-10 s                 ; No                        ; Yes                       ;
; LEDR0_out[2]        ; 3.3-V LVTTL  ; 0 s                 ; 0 s                 ; 3.46 V                       ; 5.04e-07 V                   ; 3.65 V              ; -0.0209 V           ; 0.391 V                              ; 0.09 V                               ; 2.79e-10 s                  ; 3.95e-10 s                  ; No                         ; Yes                        ; 3.46 V                      ; 5.04e-07 V                  ; 3.65 V             ; -0.0209 V          ; 0.391 V                             ; 0.09 V                              ; 2.79e-10 s                 ; 3.95e-10 s                 ; No                        ; Yes                       ;
; LEDR0_out[3]        ; 3.3-V LVTTL  ; 0 s                 ; 0 s                 ; 3.46 V                       ; 5.04e-07 V                   ; 3.64 V              ; -0.0201 V           ; 0.391 V                              ; 0.088 V                              ; 2.79e-10 s                  ; 3.95e-10 s                  ; No                         ; Yes                        ; 3.46 V                      ; 5.04e-07 V                  ; 3.64 V             ; -0.0201 V          ; 0.391 V                             ; 0.088 V                             ; 2.79e-10 s                 ; 3.95e-10 s                 ; No                        ; Yes                       ;
; LEDR0_out[4]        ; 3.3-V LVTTL  ; 0 s                 ; 0 s                 ; 3.46 V                       ; 5.04e-07 V                   ; 3.65 V              ; -0.0209 V           ; 0.391 V                              ; 0.09 V                               ; 2.79e-10 s                  ; 3.95e-10 s                  ; No                         ; Yes                        ; 3.46 V                      ; 5.04e-07 V                  ; 3.65 V             ; -0.0209 V          ; 0.391 V                             ; 0.09 V                              ; 2.79e-10 s                 ; 3.95e-10 s                 ; No                        ; Yes                       ;
; LEDR0_out[5]        ; 3.3-V LVTTL  ; 0 s                 ; 0 s                 ; 3.46 V                       ; 5.04e-07 V                   ; 3.65 V              ; -0.0209 V           ; 0.391 V                              ; 0.09 V                               ; 2.79e-10 s                  ; 3.95e-10 s                  ; No                         ; Yes                        ; 3.46 V                      ; 5.04e-07 V                  ; 3.65 V             ; -0.0209 V          ; 0.391 V                             ; 0.09 V                              ; 2.79e-10 s                 ; 3.95e-10 s                 ; No                        ; Yes                       ;
; LEDR0_out[6]        ; 3.3-V LVTTL  ; 0 s                 ; 0 s                 ; 3.46 V                       ; 5.04e-07 V                   ; 3.65 V              ; -0.0209 V           ; 0.391 V                              ; 0.09 V                               ; 2.79e-10 s                  ; 3.95e-10 s                  ; No                         ; Yes                        ; 3.46 V                      ; 5.04e-07 V                  ; 3.65 V             ; -0.0209 V          ; 0.391 V                             ; 0.09 V                              ; 2.79e-10 s                 ; 3.95e-10 s                 ; No                        ; Yes                       ;
; LEDR0_out[7]        ; 3.3-V LVTTL  ; 0 s                 ; 0 s                 ; 3.46 V                       ; 5.04e-07 V                   ; 3.64 V              ; -0.0201 V           ; 0.391 V                              ; 0.088 V                              ; 2.79e-10 s                  ; 3.95e-10 s                  ; No                         ; Yes                        ; 3.46 V                      ; 5.04e-07 V                  ; 3.64 V             ; -0.0201 V          ; 0.391 V                             ; 0.088 V                             ; 2.79e-10 s                 ; 3.95e-10 s                 ; No                        ; Yes                       ;
; LEDR1_out[0]        ; 3.3-V LVTTL  ; 0 s                 ; 0 s                 ; 3.46 V                       ; 5.04e-07 V                   ; 3.64 V              ; -0.0201 V           ; 0.391 V                              ; 0.088 V                              ; 2.79e-10 s                  ; 3.95e-10 s                  ; No                         ; Yes                        ; 3.46 V                      ; 5.04e-07 V                  ; 3.64 V             ; -0.0201 V          ; 0.391 V                             ; 0.088 V                             ; 2.79e-10 s                 ; 3.95e-10 s                 ; No                        ; Yes                       ;
; LEDR1_out[1]        ; 3.3-V LVTTL  ; 0 s                 ; 0 s                 ; 3.46 V                       ; 5.04e-07 V                   ; 3.65 V              ; -0.0209 V           ; 0.391 V                              ; 0.09 V                               ; 2.79e-10 s                  ; 3.95e-10 s                  ; No                         ; Yes                        ; 3.46 V                      ; 5.04e-07 V                  ; 3.65 V             ; -0.0209 V          ; 0.391 V                             ; 0.09 V                              ; 2.79e-10 s                 ; 3.95e-10 s                 ; No                        ; Yes                       ;
; TXD                 ; 3.3-V LVTTL  ; 0 s                 ; 0 s                 ; 3.46 V                       ; 5.04e-07 V                   ; 3.65 V              ; -0.0209 V           ; 0.391 V                              ; 0.09 V                               ; 2.79e-10 s                  ; 3.95e-10 s                  ; No                         ; Yes                        ; 3.46 V                      ; 5.04e-07 V                  ; 3.65 V             ; -0.0209 V          ; 0.391 V                             ; 0.09 V                              ; 2.79e-10 s                 ; 3.95e-10 s                 ; No                        ; Yes                       ;
; GSENSOR_SCLK        ; 3.3-V LVTTL  ; 0 s                 ; 0 s                 ; 3.46 V                       ; 5.04e-07 V                   ; 3.64 V              ; -0.0201 V           ; 0.391 V                              ; 0.088 V                              ; 2.79e-10 s                  ; 3.95e-10 s                  ; No                         ; Yes                        ; 3.46 V                      ; 5.04e-07 V                  ; 3.64 V             ; -0.0201 V          ; 0.391 V                             ; 0.088 V                             ; 2.79e-10 s                 ; 3.95e-10 s                 ; No                        ; Yes                       ;
; GSENSOR_SDI         ; 3.3-V LVTTL  ; 0 s                 ; 0 s                 ; 3.46 V                       ; 5.04e-07 V                   ; 3.63 V              ; -0.0257 V           ; 0.468 V                              ; 0.138 V                              ; 3.02e-10 s                  ; 4.44e-10 s                  ; No                         ; Yes                        ; 3.46 V                      ; 5.04e-07 V                  ; 3.63 V             ; -0.0257 V          ; 0.468 V                             ; 0.138 V                             ; 3.02e-10 s                 ; 4.44e-10 s                 ; No                        ; Yes                       ;
; GSENSOR_CS_n        ; 3.3-V LVTTL  ; 0 s                 ; 0 s                 ; 3.46 V                       ; 5.04e-07 V                   ; 3.65 V              ; -0.0209 V           ; 0.391 V                              ; 0.09 V                               ; 2.79e-10 s                  ; 3.95e-10 s                  ; No                         ; Yes                        ; 3.46 V                      ; 5.04e-07 V                  ; 3.65 V             ; -0.0209 V          ; 0.391 V                             ; 0.09 V                              ; 2.79e-10 s                 ; 3.95e-10 s                 ; No                        ; Yes                       ;
; P0[0]               ; 3.3-V LVTTL  ; 0 s                 ; 0 s                 ; 3.46 V                       ; 5.04e-07 V                   ; 3.63 V              ; -0.0264 V           ; 0.468 V                              ; 0.142 V                              ; 3.02e-10 s                  ; 4.42e-10 s                  ; No                         ; Yes                        ; 3.46 V                      ; 5.04e-07 V                  ; 3.63 V             ; -0.0264 V          ; 0.468 V                             ; 0.142 V                             ; 3.02e-10 s                 ; 4.42e-10 s                 ; No                        ; Yes                       ;
; P0[1]               ; 3.3-V LVTTL  ; 0 s                 ; 0 s                 ; 3.46 V                       ; 5.04e-07 V                   ; 3.63 V              ; -0.0264 V           ; 0.468 V                              ; 0.142 V                              ; 3.02e-10 s                  ; 4.42e-10 s                  ; No                         ; Yes                        ; 3.46 V                      ; 5.04e-07 V                  ; 3.63 V             ; -0.0264 V          ; 0.468 V                             ; 0.142 V                             ; 3.02e-10 s                 ; 4.42e-10 s                 ; No                        ; Yes                       ;
; P0[2]               ; 3.3-V LVTTL  ; 0 s                 ; 0 s                 ; 3.46 V                       ; 5.04e-07 V                   ; 3.63 V              ; -0.0257 V           ; 0.468 V                              ; 0.138 V                              ; 3.02e-10 s                  ; 4.44e-10 s                  ; No                         ; Yes                        ; 3.46 V                      ; 5.04e-07 V                  ; 3.63 V             ; -0.0257 V          ; 0.468 V                             ; 0.138 V                             ; 3.02e-10 s                 ; 4.44e-10 s                 ; No                        ; Yes                       ;
; P0[3]               ; 3.3-V LVTTL  ; 0 s                 ; 0 s                 ; 3.46 V                       ; 5.04e-07 V                   ; 3.63 V              ; -0.0257 V           ; 0.468 V                              ; 0.138 V                              ; 3.02e-10 s                  ; 4.44e-10 s                  ; No                         ; Yes                        ; 3.46 V                      ; 5.04e-07 V                  ; 3.63 V             ; -0.0257 V          ; 0.468 V                             ; 0.138 V                             ; 3.02e-10 s                 ; 4.44e-10 s                 ; No                        ; Yes                       ;
; P0[4]               ; 3.3-V LVTTL  ; 0 s                 ; 0 s                 ; 3.46 V                       ; 5.04e-07 V                   ; 3.63 V              ; -0.0264 V           ; 0.468 V                              ; 0.142 V                              ; 3.02e-10 s                  ; 4.42e-10 s                  ; No                         ; Yes                        ; 3.46 V                      ; 5.04e-07 V                  ; 3.63 V             ; -0.0264 V          ; 0.468 V                             ; 0.142 V                             ; 3.02e-10 s                 ; 4.42e-10 s                 ; No                        ; Yes                       ;
; P0[5]               ; 3.3-V LVTTL  ; 0 s                 ; 0 s                 ; 3.46 V                       ; 5.04e-07 V                   ; 3.63 V              ; -0.0264 V           ; 0.468 V                              ; 0.142 V                              ; 3.02e-10 s                  ; 4.42e-10 s                  ; No                         ; Yes                        ; 3.46 V                      ; 5.04e-07 V                  ; 3.63 V             ; -0.0264 V          ; 0.468 V                             ; 0.142 V                             ; 3.02e-10 s                 ; 4.42e-10 s                 ; No                        ; Yes                       ;
; P0[6]               ; 3.3-V LVTTL  ; 0 s                 ; 0 s                 ; 3.46 V                       ; 5.04e-07 V                   ; 3.63 V              ; -0.0257 V           ; 0.468 V                              ; 0.138 V                              ; 3.02e-10 s                  ; 4.44e-10 s                  ; No                         ; Yes                        ; 3.46 V                      ; 5.04e-07 V                  ; 3.63 V             ; -0.0257 V          ; 0.468 V                             ; 0.138 V                             ; 3.02e-10 s                 ; 4.44e-10 s                 ; No                        ; Yes                       ;
; P0[7]               ; 3.3-V LVTTL  ; 0 s                 ; 0 s                 ; 3.46 V                       ; 5.04e-07 V                   ; 3.63 V              ; -0.0257 V           ; 0.468 V                              ; 0.138 V                              ; 3.02e-10 s                  ; 4.44e-10 s                  ; No                         ; Yes                        ; 3.46 V                      ; 5.04e-07 V                  ; 3.63 V             ; -0.0257 V          ; 0.468 V                             ; 0.138 V                             ; 3.02e-10 s                 ; 4.44e-10 s                 ; No                        ; Yes                       ;
; P1[0]               ; 3.3-V LVTTL  ; 0 s                 ; 0 s                 ; 3.46 V                       ; 5.04e-07 V                   ; 3.63 V              ; -0.0264 V           ; 0.468 V                              ; 0.142 V                              ; 3.02e-10 s                  ; 4.42e-10 s                  ; No                         ; Yes                        ; 3.46 V                      ; 5.04e-07 V                  ; 3.63 V             ; -0.0264 V          ; 0.468 V                             ; 0.142 V                             ; 3.02e-10 s                 ; 4.42e-10 s                 ; No                        ; Yes                       ;
; P1[1]               ; 3.3-V LVTTL  ; 0 s                 ; 0 s                 ; 3.46 V                       ; 5.04e-07 V                   ; 3.64 V              ; -0.0201 V           ; 0.391 V                              ; 0.088 V                              ; 2.79e-10 s                  ; 3.95e-10 s                  ; No                         ; Yes                        ; 3.46 V                      ; 5.04e-07 V                  ; 3.64 V             ; -0.0201 V          ; 0.391 V                             ; 0.088 V                             ; 2.79e-10 s                 ; 3.95e-10 s                 ; No                        ; Yes                       ;
; P1[2]               ; 3.3-V LVTTL  ; 0 s                 ; 0 s                 ; 3.46 V                       ; 5.04e-07 V                   ; 3.63 V              ; -0.0257 V           ; 0.468 V                              ; 0.138 V                              ; 3.02e-10 s                  ; 4.44e-10 s                  ; No                         ; Yes                        ; 3.46 V                      ; 5.04e-07 V                  ; 3.63 V             ; -0.0257 V          ; 0.468 V                             ; 0.138 V                             ; 3.02e-10 s                 ; 4.44e-10 s                 ; No                        ; Yes                       ;
; P1[3]               ; 3.3-V LVTTL  ; 0 s                 ; 0 s                 ; 3.46 V                       ; 5.04e-07 V                   ; 3.65 V              ; -0.0209 V           ; 0.391 V                              ; 0.09 V                               ; 2.79e-10 s                  ; 3.95e-10 s                  ; No                         ; Yes                        ; 3.46 V                      ; 5.04e-07 V                  ; 3.65 V             ; -0.0209 V          ; 0.391 V                             ; 0.09 V                              ; 2.79e-10 s                 ; 3.95e-10 s                 ; No                        ; Yes                       ;
; P1[4]               ; 3.3-V LVTTL  ; 0 s                 ; 0 s                 ; 3.46 V                       ; 5.04e-07 V                   ; 3.65 V              ; -0.0209 V           ; 0.391 V                              ; 0.09 V                               ; 2.79e-10 s                  ; 3.95e-10 s                  ; No                         ; Yes                        ; 3.46 V                      ; 5.04e-07 V                  ; 3.65 V             ; -0.0209 V          ; 0.391 V                             ; 0.09 V                              ; 2.79e-10 s                 ; 3.95e-10 s                 ; No                        ; Yes                       ;
; P1[5]               ; 3.3-V LVTTL  ; 0 s                 ; 0 s                 ; 3.46 V                       ; 5.04e-07 V                   ; 3.64 V              ; -0.0201 V           ; 0.391 V                              ; 0.088 V                              ; 2.79e-10 s                  ; 3.95e-10 s                  ; No                         ; Yes                        ; 3.46 V                      ; 5.04e-07 V                  ; 3.64 V             ; -0.0201 V          ; 0.391 V                             ; 0.088 V                             ; 2.79e-10 s                 ; 3.95e-10 s                 ; No                        ; Yes                       ;
; P1[6]               ; 3.3-V LVTTL  ; 0 s                 ; 0 s                 ; 3.46 V                       ; 5.04e-07 V                   ; 3.65 V              ; -0.0209 V           ; 0.391 V                              ; 0.09 V                               ; 2.79e-10 s                  ; 3.95e-10 s                  ; No                         ; Yes                        ; 3.46 V                      ; 5.04e-07 V                  ; 3.65 V             ; -0.0209 V          ; 0.391 V                             ; 0.09 V                              ; 2.79e-10 s                 ; 3.95e-10 s                 ; No                        ; Yes                       ;
; P1[7]               ; 3.3-V LVTTL  ; 0 s                 ; 0 s                 ; 3.46 V                       ; 5.04e-07 V                   ; 3.64 V              ; -0.0201 V           ; 0.391 V                              ; 0.088 V                              ; 2.79e-10 s                  ; 3.95e-10 s                  ; No                         ; Yes                        ; 3.46 V                      ; 5.04e-07 V                  ; 3.64 V             ; -0.0201 V          ; 0.391 V                             ; 0.088 V                             ; 2.79e-10 s                 ; 3.95e-10 s                 ; No                        ; Yes                       ;
; P2[0]               ; 3.3-V LVTTL  ; 0 s                 ; 0 s                 ; 3.46 V                       ; 5.04e-07 V                   ; 3.65 V              ; -0.0209 V           ; 0.391 V                              ; 0.09 V                               ; 2.79e-10 s                  ; 3.95e-10 s                  ; No                         ; Yes                        ; 3.46 V                      ; 5.04e-07 V                  ; 3.65 V             ; -0.0209 V          ; 0.391 V                             ; 0.09 V                              ; 2.79e-10 s                 ; 3.95e-10 s                 ; No                        ; Yes                       ;
; P2[1]               ; 3.3-V LVTTL  ; 0 s                 ; 0 s                 ; 3.46 V                       ; 5.04e-07 V                   ; 3.64 V              ; -0.0201 V           ; 0.391 V                              ; 0.088 V                              ; 2.79e-10 s                  ; 3.95e-10 s                  ; No                         ; Yes                        ; 3.46 V                      ; 5.04e-07 V                  ; 3.64 V             ; -0.0201 V          ; 0.391 V                             ; 0.088 V                             ; 2.79e-10 s                 ; 3.95e-10 s                 ; No                        ; Yes                       ;
; P2[2]               ; 3.3-V LVTTL  ; 0 s                 ; 0 s                 ; 3.46 V                       ; 5.04e-07 V                   ; 3.64 V              ; -0.0201 V           ; 0.391 V                              ; 0.088 V                              ; 2.79e-10 s                  ; 3.95e-10 s                  ; No                         ; Yes                        ; 3.46 V                      ; 5.04e-07 V                  ; 3.64 V             ; -0.0201 V          ; 0.391 V                             ; 0.088 V                             ; 2.79e-10 s                 ; 3.95e-10 s                 ; No                        ; Yes                       ;
; P2[3]               ; 3.3-V LVTTL  ; 0 s                 ; 0 s                 ; 3.46 V                       ; 5.04e-07 V                   ; 3.65 V              ; -0.0209 V           ; 0.391 V                              ; 0.09 V                               ; 2.79e-10 s                  ; 3.95e-10 s                  ; No                         ; Yes                        ; 3.46 V                      ; 5.04e-07 V                  ; 3.65 V             ; -0.0209 V          ; 0.391 V                             ; 0.09 V                              ; 2.79e-10 s                 ; 3.95e-10 s                 ; No                        ; Yes                       ;
; P2[4]               ; 3.3-V LVTTL  ; 0 s                 ; 0 s                 ; 3.46 V                       ; 5.04e-07 V                   ; 3.65 V              ; -0.0209 V           ; 0.391 V                              ; 0.09 V                               ; 2.79e-10 s                  ; 3.95e-10 s                  ; No                         ; Yes                        ; 3.46 V                      ; 5.04e-07 V                  ; 3.65 V             ; -0.0209 V          ; 0.391 V                             ; 0.09 V                              ; 2.79e-10 s                 ; 3.95e-10 s                 ; No                        ; Yes                       ;
; P2[5]               ; 3.3-V LVTTL  ; 0 s                 ; 0 s                 ; 3.46 V                       ; 5.04e-07 V                   ; 3.63 V              ; -0.0264 V           ; 0.468 V                              ; 0.142 V                              ; 3.02e-10 s                  ; 4.42e-10 s                  ; No                         ; Yes                        ; 3.46 V                      ; 5.04e-07 V                  ; 3.63 V             ; -0.0264 V          ; 0.468 V                             ; 0.142 V                             ; 3.02e-10 s                 ; 4.42e-10 s                 ; No                        ; Yes                       ;
; P2[6]               ; 3.3-V LVTTL  ; 0 s                 ; 0 s                 ; 3.46 V                       ; 5.04e-07 V                   ; 3.65 V              ; -0.0209 V           ; 0.391 V                              ; 0.09 V                               ; 2.79e-10 s                  ; 3.95e-10 s                  ; No                         ; Yes                        ; 3.46 V                      ; 5.04e-07 V                  ; 3.65 V             ; -0.0209 V          ; 0.391 V                             ; 0.09 V                              ; 2.79e-10 s                 ; 3.95e-10 s                 ; No                        ; Yes                       ;
; P2[7]               ; 3.3-V LVTTL  ; 0 s                 ; 0 s                 ; 3.46 V                       ; 5.04e-07 V                   ; 3.64 V              ; -0.0201 V           ; 0.391 V                              ; 0.088 V                              ; 2.79e-10 s                  ; 3.95e-10 s                  ; No                         ; Yes                        ; 3.46 V                      ; 5.04e-07 V                  ; 3.64 V             ; -0.0201 V          ; 0.391 V                             ; 0.088 V                             ; 2.79e-10 s                 ; 3.95e-10 s                 ; No                        ; Yes                       ;
; P3[0]               ; 3.3-V LVTTL  ; 0 s                 ; 0 s                 ; 3.46 V                       ; 5.04e-07 V                   ; 3.65 V              ; -0.0209 V           ; 0.391 V                              ; 0.09 V                               ; 2.79e-10 s                  ; 3.95e-10 s                  ; No                         ; Yes                        ; 3.46 V                      ; 5.04e-07 V                  ; 3.65 V             ; -0.0209 V          ; 0.391 V                             ; 0.09 V                              ; 2.79e-10 s                 ; 3.95e-10 s                 ; No                        ; Yes                       ;
; P3[1]               ; 3.3-V LVTTL  ; 0 s                 ; 0 s                 ; 3.46 V                       ; 5.04e-07 V                   ; 3.65 V              ; -0.0209 V           ; 0.391 V                              ; 0.09 V                               ; 2.79e-10 s                  ; 3.95e-10 s                  ; No                         ; Yes                        ; 3.46 V                      ; 5.04e-07 V                  ; 3.65 V             ; -0.0209 V          ; 0.391 V                             ; 0.09 V                              ; 2.79e-10 s                 ; 3.95e-10 s                 ; No                        ; Yes                       ;
; P3[2]               ; 3.3-V LVTTL  ; 0 s                 ; 0 s                 ; 3.46 V                       ; 5.04e-07 V                   ; 3.63 V              ; -0.0264 V           ; 0.468 V                              ; 0.142 V                              ; 3.02e-10 s                  ; 4.42e-10 s                  ; No                         ; Yes                        ; 3.46 V                      ; 5.04e-07 V                  ; 3.63 V             ; -0.0264 V          ; 0.468 V                             ; 0.142 V                             ; 3.02e-10 s                 ; 4.42e-10 s                 ; No                        ; Yes                       ;
; P3[3]               ; 3.3-V LVTTL  ; 0 s                 ; 0 s                 ; 3.46 V                       ; 5.04e-07 V                   ; 3.64 V              ; -0.0201 V           ; 0.391 V                              ; 0.088 V                              ; 2.79e-10 s                  ; 3.95e-10 s                  ; No                         ; Yes                        ; 3.46 V                      ; 5.04e-07 V                  ; 3.64 V             ; -0.0201 V          ; 0.391 V                             ; 0.088 V                             ; 2.79e-10 s                 ; 3.95e-10 s                 ; No                        ; Yes                       ;
; P3[4]               ; 3.3-V LVTTL  ; 0 s                 ; 0 s                 ; 3.46 V                       ; 5.04e-07 V                   ; 3.63 V              ; -0.0257 V           ; 0.468 V                              ; 0.138 V                              ; 3.02e-10 s                  ; 4.44e-10 s                  ; No                         ; Yes                        ; 3.46 V                      ; 5.04e-07 V                  ; 3.63 V             ; -0.0257 V          ; 0.468 V                             ; 0.138 V                             ; 3.02e-10 s                 ; 4.44e-10 s                 ; No                        ; Yes                       ;
; P3[5]               ; 3.3-V LVTTL  ; 0 s                 ; 0 s                 ; 3.46 V                       ; 5.04e-07 V                   ; 3.65 V              ; -0.0209 V           ; 0.391 V                              ; 0.09 V                               ; 2.79e-10 s                  ; 3.95e-10 s                  ; No                         ; Yes                        ; 3.46 V                      ; 5.04e-07 V                  ; 3.65 V             ; -0.0209 V          ; 0.391 V                             ; 0.09 V                              ; 2.79e-10 s                 ; 3.95e-10 s                 ; No                        ; Yes                       ;
; P3[6]               ; 3.3-V LVTTL  ; 0 s                 ; 0 s                 ; 3.46 V                       ; 5.04e-07 V                   ; 3.65 V              ; -0.0209 V           ; 0.391 V                              ; 0.09 V                               ; 2.79e-10 s                  ; 3.95e-10 s                  ; No                         ; Yes                        ; 3.46 V                      ; 5.04e-07 V                  ; 3.65 V             ; -0.0209 V          ; 0.391 V                             ; 0.09 V                              ; 2.79e-10 s                 ; 3.95e-10 s                 ; No                        ; Yes                       ;
; P3[7]               ; 3.3-V LVTTL  ; 0 s                 ; 0 s                 ; 3.46 V                       ; 5.04e-07 V                   ; 3.64 V              ; -0.0201 V           ; 0.391 V                              ; 0.088 V                              ; 2.79e-10 s                  ; 3.95e-10 s                  ; No                         ; Yes                        ; 3.46 V                      ; 5.04e-07 V                  ; 3.64 V             ; -0.0201 V          ; 0.391 V                             ; 0.088 V                             ; 2.79e-10 s                 ; 3.95e-10 s                 ; No                        ; Yes                       ;
; P4[0]               ; 3.3-V LVTTL  ; 0 s                 ; 0 s                 ; 3.46 V                       ; 5.04e-07 V                   ; 3.64 V              ; -0.0201 V           ; 0.391 V                              ; 0.088 V                              ; 2.79e-10 s                  ; 3.95e-10 s                  ; No                         ; Yes                        ; 3.46 V                      ; 5.04e-07 V                  ; 3.64 V             ; -0.0201 V          ; 0.391 V                             ; 0.088 V                             ; 2.79e-10 s                 ; 3.95e-10 s                 ; No                        ; Yes                       ;
; P4[1]               ; 3.3-V LVTTL  ; 0 s                 ; 0 s                 ; 3.46 V                       ; 5.04e-07 V                   ; 3.63 V              ; -0.0257 V           ; 0.468 V                              ; 0.138 V                              ; 3.02e-10 s                  ; 4.44e-10 s                  ; No                         ; Yes                        ; 3.46 V                      ; 5.04e-07 V                  ; 3.63 V             ; -0.0257 V          ; 0.468 V                             ; 0.138 V                             ; 3.02e-10 s                 ; 4.44e-10 s                 ; No                        ; Yes                       ;
; P4[2]               ; 3.3-V LVTTL  ; 0 s                 ; 0 s                 ; 3.46 V                       ; 5.04e-07 V                   ; 3.63 V              ; -0.0257 V           ; 0.468 V                              ; 0.138 V                              ; 3.02e-10 s                  ; 4.44e-10 s                  ; No                         ; Yes                        ; 3.46 V                      ; 5.04e-07 V                  ; 3.63 V             ; -0.0257 V          ; 0.468 V                             ; 0.138 V                             ; 3.02e-10 s                 ; 4.44e-10 s                 ; No                        ; Yes                       ;
; P4[3]               ; 3.3-V LVTTL  ; 0 s                 ; 0 s                 ; 3.46 V                       ; 5.04e-07 V                   ; 3.63 V              ; -0.0264 V           ; 0.468 V                              ; 0.142 V                              ; 3.02e-10 s                  ; 4.42e-10 s                  ; No                         ; Yes                        ; 3.46 V                      ; 5.04e-07 V                  ; 3.63 V             ; -0.0264 V          ; 0.468 V                             ; 0.142 V                             ; 3.02e-10 s                 ; 4.42e-10 s                 ; No                        ; Yes                       ;
; P4[4]               ; 3.3-V LVTTL  ; 0 s                 ; 0 s                 ; 3.46 V                       ; 5.04e-07 V                   ; 3.63 V              ; -0.0257 V           ; 0.468 V                              ; 0.138 V                              ; 3.02e-10 s                  ; 4.44e-10 s                  ; No                         ; Yes                        ; 3.46 V                      ; 5.04e-07 V                  ; 3.63 V             ; -0.0257 V          ; 0.468 V                             ; 0.138 V                             ; 3.02e-10 s                 ; 4.44e-10 s                 ; No                        ; Yes                       ;
; P4[5]               ; 3.3-V LVTTL  ; 0 s                 ; 0 s                 ; 3.46 V                       ; 5.04e-07 V                   ; 3.63 V              ; -0.0257 V           ; 0.468 V                              ; 0.138 V                              ; 3.02e-10 s                  ; 4.44e-10 s                  ; No                         ; Yes                        ; 3.46 V                      ; 5.04e-07 V                  ; 3.63 V             ; -0.0257 V          ; 0.468 V                             ; 0.138 V                             ; 3.02e-10 s                 ; 4.44e-10 s                 ; No                        ; Yes                       ;
; P4[6]               ; 3.3-V LVTTL  ; 0 s                 ; 0 s                 ; 3.46 V                       ; 5.04e-07 V                   ; 3.64 V              ; -0.0201 V           ; 0.391 V                              ; 0.088 V                              ; 2.79e-10 s                  ; 3.95e-10 s                  ; No                         ; Yes                        ; 3.46 V                      ; 5.04e-07 V                  ; 3.64 V             ; -0.0201 V          ; 0.391 V                             ; 0.088 V                             ; 2.79e-10 s                 ; 3.95e-10 s                 ; No                        ; Yes                       ;
; P4[7]               ; 3.3-V LVTTL  ; 0 s                 ; 0 s                 ; 3.46 V                       ; 5.04e-07 V                   ; 3.64 V              ; -0.0201 V           ; 0.391 V                              ; 0.088 V                              ; 2.79e-10 s                  ; 3.95e-10 s                  ; No                         ; Yes                        ; 3.46 V                      ; 5.04e-07 V                  ; 3.64 V             ; -0.0201 V          ; 0.391 V                             ; 0.088 V                             ; 2.79e-10 s                 ; 3.95e-10 s                 ; No                        ; Yes                       ;
; altera_reserved_tdo ; 2.5 V        ; 0 s                 ; 0 s                 ; 2.62 V                       ; 1.68e-07 V                   ; 2.73 V              ; -0.0395 V           ; 0.361 V                              ; 0.109 V                              ; 3.11e-10 s                  ; 4.41e-10 s                  ; No                         ; Yes                        ; 2.62 V                      ; 1.68e-07 V                  ; 2.73 V             ; -0.0395 V          ; 0.361 V                             ; 0.109 V                             ; 3.11e-10 s                 ; 4.41e-10 s                 ; No                        ; Yes                       ;
+---------------------+--------------+---------------------+---------------------+------------------------------+------------------------------+---------------------+---------------------+--------------------------------------+--------------------------------------+-----------------------------+-----------------------------+----------------------------+----------------------------+-----------------------------+-----------------------------+--------------------+--------------------+-------------------------------------+-------------------------------------+----------------------------+----------------------------+---------------------------+---------------------------+


+---------------------------------------------------------------------------------------------------------------------------------------------------------------------------------------------------+
; Setup Transfers                                                                                                                                                                                   ;
+---------------------------------------------------------------------------+---------------------------------------------------------------------------+----------+----------+----------+----------+
; From Clock                                                                ; To Clock                                                                  ; RR Paths ; FR Paths ; RF Paths ; FF Paths ;
+---------------------------------------------------------------------------+---------------------------------------------------------------------------+----------+----------+----------+----------+
; altera_reserved_tck                                                       ; altera_reserved_tck                                                       ; 5731     ; 0        ; 59       ; 0        ;
; max10_onchip_flash|onchip_flash_0|altera_onchip_flash_block|ufm_block|osc ; max10_onchip_flash|onchip_flash_0|altera_onchip_flash_block|ufm_block|osc ; 2        ; 0        ; 0        ; 0        ;
; max10_onchip_flash|onchip_flash_0|altera_onchip_flash_block|ufm_block|osc ; pll_33_MHz|altpll_component|auto_generated|pll1|clk[0]                    ; 2        ; 0        ; 0        ; 0        ;
; pll_33_MHz|altpll_component|auto_generated|pll1|clk[0]                    ; pll_33_MHz|altpll_component|auto_generated|pll1|clk[0]                    ; 96411312 ; 120      ; 3354     ; 3        ;
+---------------------------------------------------------------------------+---------------------------------------------------------------------------+----------+----------+----------+----------+
Entries labeled "false path" only account for clock-to-clock false paths and not path-based false paths. As a result, actual path counts may be lower than reported.


+---------------------------------------------------------------------------------------------------------------------------------------------------------------------------------------------------+
; Hold Transfers                                                                                                                                                                                    ;
+---------------------------------------------------------------------------+---------------------------------------------------------------------------+----------+----------+----------+----------+
; From Clock                                                                ; To Clock                                                                  ; RR Paths ; FR Paths ; RF Paths ; FF Paths ;
+---------------------------------------------------------------------------+---------------------------------------------------------------------------+----------+----------+----------+----------+
; altera_reserved_tck                                                       ; altera_reserved_tck                                                       ; 5731     ; 0        ; 59       ; 0        ;
; max10_onchip_flash|onchip_flash_0|altera_onchip_flash_block|ufm_block|osc ; max10_onchip_flash|onchip_flash_0|altera_onchip_flash_block|ufm_block|osc ; 2        ; 0        ; 0        ; 0        ;
; max10_onchip_flash|onchip_flash_0|altera_onchip_flash_block|ufm_block|osc ; pll_33_MHz|altpll_component|auto_generated|pll1|clk[0]                    ; 2        ; 0        ; 0        ; 0        ;
; pll_33_MHz|altpll_component|auto_generated|pll1|clk[0]                    ; pll_33_MHz|altpll_component|auto_generated|pll1|clk[0]                    ; 96411312 ; 120      ; 3354     ; 3        ;
+---------------------------------------------------------------------------+---------------------------------------------------------------------------+----------+----------+----------+----------+
Entries labeled "false path" only account for clock-to-clock false paths and not path-based false paths. As a result, actual path counts may be lower than reported.


+--------------------------------------------------------------------------------------------------------------------------------------------------------------------------------+
; Recovery Transfers                                                                                                                                                             ;
+--------------------------------------------------------+---------------------------------------------------------------------------+----------+----------+----------+----------+
; From Clock                                             ; To Clock                                                                  ; RR Paths ; FR Paths ; RF Paths ; FF Paths ;
+--------------------------------------------------------+---------------------------------------------------------------------------+----------+----------+----------+----------+
; altera_reserved_tck                                    ; altera_reserved_tck                                                       ; 177      ; 0        ; 0        ; 0        ;
; pll_33_MHz|altpll_component|auto_generated|pll1|clk[0] ; max10_onchip_flash|onchip_flash_0|altera_onchip_flash_block|ufm_block|osc ; 4        ; 0        ; 0        ; 0        ;
; pll_33_MHz|altpll_component|auto_generated|pll1|clk[0] ; pll_33_MHz|altpll_component|auto_generated|pll1|clk[0]                    ; 130      ; 0        ; 0        ; 0        ;
+--------------------------------------------------------+---------------------------------------------------------------------------+----------+----------+----------+----------+
Entries labeled "false path" only account for clock-to-clock false paths and not path-based false paths. As a result, actual path counts may be lower than reported.


+--------------------------------------------------------------------------------------------------------------------------------------------------------------------------------+
; Removal Transfers                                                                                                                                                              ;
+--------------------------------------------------------+---------------------------------------------------------------------------+----------+----------+----------+----------+
; From Clock                                             ; To Clock                                                                  ; RR Paths ; FR Paths ; RF Paths ; FF Paths ;
+--------------------------------------------------------+---------------------------------------------------------------------------+----------+----------+----------+----------+
; altera_reserved_tck                                    ; altera_reserved_tck                                                       ; 177      ; 0        ; 0        ; 0        ;
; pll_33_MHz|altpll_component|auto_generated|pll1|clk[0] ; max10_onchip_flash|onchip_flash_0|altera_onchip_flash_block|ufm_block|osc ; 4        ; 0        ; 0        ; 0        ;
; pll_33_MHz|altpll_component|auto_generated|pll1|clk[0] ; pll_33_MHz|altpll_component|auto_generated|pll1|clk[0]                    ; 130      ; 0        ; 0        ; 0        ;
+--------------------------------------------------------+---------------------------------------------------------------------------+----------+----------+----------+----------+
Entries labeled "false path" only account for clock-to-clock false paths and not path-based false paths. As a result, actual path counts may be lower than reported.


---------------
; Report TCCS ;
---------------
No dedicated SERDES Transmitter circuitry present in device or used in design


---------------
; Report RSKM ;
---------------
No non-DPA dedicated SERDES Receiver circuitry present in device or used in design


+------------------------------------------------+
; Unconstrained Paths Summary                    ;
+---------------------------------+-------+------+
; Property                        ; Setup ; Hold ;
+---------------------------------+-------+------+
; Illegal Clocks                  ; 0     ; 0    ;
; Unconstrained Clocks            ; 1     ; 1    ;
; Unconstrained Input Ports       ; 67    ; 67   ;
; Unconstrained Input Port Paths  ; 998   ; 998  ;
; Unconstrained Output Ports      ; 105   ; 105  ;
; Unconstrained Output Port Paths ; 145   ; 145  ;
+---------------------------------+-------+------+


+-----------------------------------------------------------------------------------------------------------------------------------------------------------------------------------------------------------------------------------------------------------+
; Clock Status Summary                                                                                                                                                                                                                                      ;
+---------------------------------------------------------------------------------------------------------------------------------------------------+---------------------------------------------------------------------------+-----------+---------------+
; Target                                                                                                                                            ; Clock                                                                     ; Type      ; Status        ;
+---------------------------------------------------------------------------------------------------------------------------------------------------+---------------------------------------------------------------------------+-----------+---------------+
; CLOCK_50                                                                                                                                          ; CLOCK_50                                                                  ; Base      ; Constrained   ;
; altera_reserved_tck                                                                                                                               ; altera_reserved_tck                                                       ; Base      ; Constrained   ;
; max10_onchip_flash|onchip_flash_0|altera_onchip_flash_block|ufm_block|osc                                                                         ; max10_onchip_flash|onchip_flash_0|altera_onchip_flash_block|ufm_block|osc ; Base      ; Constrained   ;
; onchip_flash:max10_onchip_flash|altera_onchip_flash:onchip_flash_0|altera_onchip_flash_avmm_data_controller:avmm_data_controller|flash_se_neg_reg ;                                                                           ; Base      ; Unconstrained ;
; pll_33_MHz|altpll_component|auto_generated|pll1|clk[0]                                                                                            ; pll_33_MHz|altpll_component|auto_generated|pll1|clk[0]                    ; Generated ; Constrained   ;
+---------------------------------------------------------------------------------------------------------------------------------------------------+---------------------------------------------------------------------------+-----------+---------------+


+------------------------------------------------------------------------------------------------------------+
; Unconstrained Input Ports                                                                                  ;
+---------------------+--------------------------------------------------------------------------------------+
; Input Port          ; Comment                                                                              ;
+---------------------+--------------------------------------------------------------------------------------+
; GSENSOR_INT1        ; No input delay, min/max delays, false-path exceptions, or max skew assignments found ;
; GSENSOR_INT2        ; No input delay, min/max delays, false-path exceptions, or max skew assignments found ;
; GSENSOR_SDO         ; No input delay, min/max delays, false-path exceptions, or max skew assignments found ;
; INT0                ; No input delay, min/max delays, false-path exceptions, or max skew assignments found ;
; INT1                ; No input delay, min/max delays, false-path exceptions, or max skew assignments found ;
; KEY[0]              ; No input delay, min/max delays, false-path exceptions, or max skew assignments found ;
; KEY[1]              ; No input delay, min/max delays, false-path exceptions, or max skew assignments found ;
; KEY[2]              ; No input delay, min/max delays, false-path exceptions, or max skew assignments found ;
; KEY[3]              ; No input delay, min/max delays, false-path exceptions, or max skew assignments found ;
; LEDR0_in[0]         ; No input delay, min/max delays, false-path exceptions, or max skew assignments found ;
; LEDR0_in[1]         ; No input delay, min/max delays, false-path exceptions, or max skew assignments found ;
; LEDR0_in[2]         ; No input delay, min/max delays, false-path exceptions, or max skew assignments found ;
; LEDR0_in[3]         ; No input delay, min/max delays, false-path exceptions, or max skew assignments found ;
; LEDR0_in[4]         ; No input delay, min/max delays, false-path exceptions, or max skew assignments found ;
; LEDR0_in[5]         ; No input delay, min/max delays, false-path exceptions, or max skew assignments found ;
; LEDR0_in[6]         ; No input delay, min/max delays, false-path exceptions, or max skew assignments found ;
; LEDR0_in[7]         ; No input delay, min/max delays, false-path exceptions, or max skew assignments found ;
; LEDR1_in[0]         ; No input delay, min/max delays, false-path exceptions, or max skew assignments found ;
; LEDR1_in[1]         ; No input delay, min/max delays, false-path exceptions, or max skew assignments found ;
; P0[0]               ; No input delay, min/max delays, false-path exceptions, or max skew assignments found ;
; P0[1]               ; No input delay, min/max delays, false-path exceptions, or max skew assignments found ;
; P0[2]               ; No input delay, min/max delays, false-path exceptions, or max skew assignments found ;
; P0[3]               ; No input delay, min/max delays, false-path exceptions, or max skew assignments found ;
; P0[4]               ; No input delay, min/max delays, false-path exceptions, or max skew assignments found ;
; P0[5]               ; No input delay, min/max delays, false-path exceptions, or max skew assignments found ;
; P0[6]               ; No input delay, min/max delays, false-path exceptions, or max skew assignments found ;
; P0[7]               ; No input delay, min/max delays, false-path exceptions, or max skew assignments found ;
; P1[0]               ; No input delay, min/max delays, false-path exceptions, or max skew assignments found ;
; P1[1]               ; No input delay, min/max delays, false-path exceptions, or max skew assignments found ;
; P1[2]               ; No input delay, min/max delays, false-path exceptions, or max skew assignments found ;
; P1[3]               ; No input delay, min/max delays, false-path exceptions, or max skew assignments found ;
; P1[4]               ; No input delay, min/max delays, false-path exceptions, or max skew assignments found ;
; P1[5]               ; No input delay, min/max delays, false-path exceptions, or max skew assignments found ;
; P1[6]               ; No input delay, min/max delays, false-path exceptions, or max skew assignments found ;
; P1[7]               ; No input delay, min/max delays, false-path exceptions, or max skew assignments found ;
; P2[0]               ; No input delay, min/max delays, false-path exceptions, or max skew assignments found ;
; P2[1]               ; No input delay, min/max delays, false-path exceptions, or max skew assignments found ;
; P2[2]               ; No input delay, min/max delays, false-path exceptions, or max skew assignments found ;
; P2[3]               ; No input delay, min/max delays, false-path exceptions, or max skew assignments found ;
; P2[4]               ; No input delay, min/max delays, false-path exceptions, or max skew assignments found ;
; P2[5]               ; No input delay, min/max delays, false-path exceptions, or max skew assignments found ;
; P2[6]               ; No input delay, min/max delays, false-path exceptions, or max skew assignments found ;
; P2[7]               ; No input delay, min/max delays, false-path exceptions, or max skew assignments found ;
; P3[0]               ; No input delay, min/max delays, false-path exceptions, or max skew assignments found ;
; P3[1]               ; No input delay, min/max delays, false-path exceptions, or max skew assignments found ;
; P3[2]               ; No input delay, min/max delays, false-path exceptions, or max skew assignments found ;
; P3[3]               ; No input delay, min/max delays, false-path exceptions, or max skew assignments found ;
; P3[4]               ; No input delay, min/max delays, false-path exceptions, or max skew assignments found ;
; P3[5]               ; No input delay, min/max delays, false-path exceptions, or max skew assignments found ;
; P3[6]               ; No input delay, min/max delays, false-path exceptions, or max skew assignments found ;
; P3[7]               ; No input delay, min/max delays, false-path exceptions, or max skew assignments found ;
; P4[0]               ; No input delay, min/max delays, false-path exceptions, or max skew assignments found ;
; P4[1]               ; No input delay, min/max delays, false-path exceptions, or max skew assignments found ;
; P4[2]               ; No input delay, min/max delays, false-path exceptions, or max skew assignments found ;
; P4[3]               ; No input delay, min/max delays, false-path exceptions, or max skew assignments found ;
; P4[4]               ; No input delay, min/max delays, false-path exceptions, or max skew assignments found ;
; P4[5]               ; No input delay, min/max delays, false-path exceptions, or max skew assignments found ;
; P4[6]               ; No input delay, min/max delays, false-path exceptions, or max skew assignments found ;
; P4[7]               ; No input delay, min/max delays, false-path exceptions, or max skew assignments found ;
; RXD                 ; No input delay, min/max delays, false-path exceptions, or max skew assignments found ;
; RstIn               ; Partially constrained                                                                ;
; T0                  ; No input delay, min/max delays, false-path exceptions, or max skew assignments found ;
; T1                  ; No input delay, min/max delays, false-path exceptions, or max skew assignments found ;
; T2                  ; No input delay, min/max delays, false-path exceptions, or max skew assignments found ;
; T2EX                ; No input delay, min/max delays, false-path exceptions, or max skew assignments found ;
; altera_reserved_tdi ; No input delay, min/max delays, false-path exceptions, or max skew assignments found ;
; altera_reserved_tms ; No input delay, min/max delays, false-path exceptions, or max skew assignments found ;
+---------------------+--------------------------------------------------------------------------------------+


+-------------------------------------------------------------------------------------------------------------+
; Unconstrained Output Ports                                                                                  ;
+---------------------+---------------------------------------------------------------------------------------+
; Output Port         ; Comment                                                                               ;
+---------------------+---------------------------------------------------------------------------------------+
; GNDKEY2             ; No output delay, min/max delays, false-path exceptions, or max skew assignments found ;
; GNDKEY3             ; No output delay, min/max delays, false-path exceptions, or max skew assignments found ;
; GSENSOR_CS_n        ; No output delay, min/max delays, false-path exceptions, or max skew assignments found ;
; GSENSOR_SCLK        ; No output delay, min/max delays, false-path exceptions, or max skew assignments found ;
; GSENSOR_SDI         ; No output delay, min/max delays, false-path exceptions, or max skew assignments found ;
; HEX0_out[0]         ; No output delay, min/max delays, false-path exceptions, or max skew assignments found ;
; HEX0_out[1]         ; No output delay, min/max delays, false-path exceptions, or max skew assignments found ;
; HEX0_out[2]         ; No output delay, min/max delays, false-path exceptions, or max skew assignments found ;
; HEX0_out[3]         ; No output delay, min/max delays, false-path exceptions, or max skew assignments found ;
; HEX0_out[4]         ; No output delay, min/max delays, false-path exceptions, or max skew assignments found ;
; HEX0_out[5]         ; No output delay, min/max delays, false-path exceptions, or max skew assignments found ;
; HEX0_out[6]         ; No output delay, min/max delays, false-path exceptions, or max skew assignments found ;
; HEX0_out[7]         ; No output delay, min/max delays, false-path exceptions, or max skew assignments found ;
; HEX1_out[0]         ; No output delay, min/max delays, false-path exceptions, or max skew assignments found ;
; HEX1_out[1]         ; No output delay, min/max delays, false-path exceptions, or max skew assignments found ;
; HEX1_out[2]         ; No output delay, min/max delays, false-path exceptions, or max skew assignments found ;
; HEX1_out[3]         ; No output delay, min/max delays, false-path exceptions, or max skew assignments found ;
; HEX1_out[4]         ; No output delay, min/max delays, false-path exceptions, or max skew assignments found ;
; HEX1_out[5]         ; No output delay, min/max delays, false-path exceptions, or max skew assignments found ;
; HEX1_out[6]         ; No output delay, min/max delays, false-path exceptions, or max skew assignments found ;
; HEX1_out[7]         ; No output delay, min/max delays, false-path exceptions, or max skew assignments found ;
; HEX2_out[0]         ; No output delay, min/max delays, false-path exceptions, or max skew assignments found ;
; HEX2_out[1]         ; No output delay, min/max delays, false-path exceptions, or max skew assignments found ;
; HEX2_out[2]         ; No output delay, min/max delays, false-path exceptions, or max skew assignments found ;
; HEX2_out[3]         ; No output delay, min/max delays, false-path exceptions, or max skew assignments found ;
; HEX2_out[4]         ; No output delay, min/max delays, false-path exceptions, or max skew assignments found ;
; HEX2_out[5]         ; No output delay, min/max delays, false-path exceptions, or max skew assignments found ;
; HEX2_out[6]         ; No output delay, min/max delays, false-path exceptions, or max skew assignments found ;
; HEX2_out[7]         ; No output delay, min/max delays, false-path exceptions, or max skew assignments found ;
; HEX3_out[0]         ; No output delay, min/max delays, false-path exceptions, or max skew assignments found ;
; HEX3_out[1]         ; No output delay, min/max delays, false-path exceptions, or max skew assignments found ;
; HEX3_out[2]         ; No output delay, min/max delays, false-path exceptions, or max skew assignments found ;
; HEX3_out[3]         ; No output delay, min/max delays, false-path exceptions, or max skew assignments found ;
; HEX3_out[4]         ; No output delay, min/max delays, false-path exceptions, or max skew assignments found ;
; HEX3_out[5]         ; No output delay, min/max delays, false-path exceptions, or max skew assignments found ;
; HEX3_out[6]         ; No output delay, min/max delays, false-path exceptions, or max skew assignments found ;
; HEX3_out[7]         ; No output delay, min/max delays, false-path exceptions, or max skew assignments found ;
; HEX4_out[0]         ; No output delay, min/max delays, false-path exceptions, or max skew assignments found ;
; HEX4_out[1]         ; No output delay, min/max delays, false-path exceptions, or max skew assignments found ;
; HEX4_out[2]         ; No output delay, min/max delays, false-path exceptions, or max skew assignments found ;
; HEX4_out[3]         ; No output delay, min/max delays, false-path exceptions, or max skew assignments found ;
; HEX4_out[4]         ; No output delay, min/max delays, false-path exceptions, or max skew assignments found ;
; HEX4_out[5]         ; No output delay, min/max delays, false-path exceptions, or max skew assignments found ;
; HEX4_out[6]         ; No output delay, min/max delays, false-path exceptions, or max skew assignments found ;
; HEX4_out[7]         ; No output delay, min/max delays, false-path exceptions, or max skew assignments found ;
; HEX5_out[0]         ; No output delay, min/max delays, false-path exceptions, or max skew assignments found ;
; HEX5_out[1]         ; No output delay, min/max delays, false-path exceptions, or max skew assignments found ;
; HEX5_out[2]         ; No output delay, min/max delays, false-path exceptions, or max skew assignments found ;
; HEX5_out[3]         ; No output delay, min/max delays, false-path exceptions, or max skew assignments found ;
; HEX5_out[4]         ; No output delay, min/max delays, false-path exceptions, or max skew assignments found ;
; HEX5_out[5]         ; No output delay, min/max delays, false-path exceptions, or max skew assignments found ;
; HEX5_out[6]         ; No output delay, min/max delays, false-path exceptions, or max skew assignments found ;
; HEX5_out[7]         ; No output delay, min/max delays, false-path exceptions, or max skew assignments found ;
; LEDR0_out[0]        ; No output delay, min/max delays, false-path exceptions, or max skew assignments found ;
; LEDR0_out[1]        ; No output delay, min/max delays, false-path exceptions, or max skew assignments found ;
; LEDR0_out[2]        ; No output delay, min/max delays, false-path exceptions, or max skew assignments found ;
; LEDR0_out[3]        ; No output delay, min/max delays, false-path exceptions, or max skew assignments found ;
; LEDR0_out[4]        ; No output delay, min/max delays, false-path exceptions, or max skew assignments found ;
; LEDR0_out[5]        ; No output delay, min/max delays, false-path exceptions, or max skew assignments found ;
; LEDR0_out[6]        ; No output delay, min/max delays, false-path exceptions, or max skew assignments found ;
; LEDR0_out[7]        ; No output delay, min/max delays, false-path exceptions, or max skew assignments found ;
; LEDR1_out[0]        ; No output delay, min/max delays, false-path exceptions, or max skew assignments found ;
; LEDR1_out[1]        ; No output delay, min/max delays, false-path exceptions, or max skew assignments found ;
; P0[0]               ; No output delay, min/max delays, false-path exceptions, or max skew assignments found ;
; P0[1]               ; No output delay, min/max delays, false-path exceptions, or max skew assignments found ;
; P0[2]               ; No output delay, min/max delays, false-path exceptions, or max skew assignments found ;
; P0[3]               ; No output delay, min/max delays, false-path exceptions, or max skew assignments found ;
; P0[4]               ; No output delay, min/max delays, false-path exceptions, or max skew assignments found ;
; P0[5]               ; No output delay, min/max delays, false-path exceptions, or max skew assignments found ;
; P0[6]               ; No output delay, min/max delays, false-path exceptions, or max skew assignments found ;
; P0[7]               ; No output delay, min/max delays, false-path exceptions, or max skew assignments found ;
; P1[0]               ; No output delay, min/max delays, false-path exceptions, or max skew assignments found ;
; P1[1]               ; No output delay, min/max delays, false-path exceptions, or max skew assignments found ;
; P1[2]               ; No output delay, min/max delays, false-path exceptions, or max skew assignments found ;
; P1[3]               ; No output delay, min/max delays, false-path exceptions, or max skew assignments found ;
; P1[4]               ; No output delay, min/max delays, false-path exceptions, or max skew assignments found ;
; P1[5]               ; No output delay, min/max delays, false-path exceptions, or max skew assignments found ;
; P1[6]               ; No output delay, min/max delays, false-path exceptions, or max skew assignments found ;
; P1[7]               ; No output delay, min/max delays, false-path exceptions, or max skew assignments found ;
; P2[0]               ; No output delay, min/max delays, false-path exceptions, or max skew assignments found ;
; P2[1]               ; No output delay, min/max delays, false-path exceptions, or max skew assignments found ;
; P2[2]               ; No output delay, min/max delays, false-path exceptions, or max skew assignments found ;
; P2[3]               ; No output delay, min/max delays, false-path exceptions, or max skew assignments found ;
; P2[4]               ; No output delay, min/max delays, false-path exceptions, or max skew assignments found ;
; P2[5]               ; No output delay, min/max delays, false-path exceptions, or max skew assignments found ;
; P2[6]               ; No output delay, min/max delays, false-path exceptions, or max skew assignments found ;
; P2[7]               ; No output delay, min/max delays, false-path exceptions, or max skew assignments found ;
; P3[0]               ; No output delay, min/max delays, false-path exceptions, or max skew assignments found ;
; P3[1]               ; No output delay, min/max delays, false-path exceptions, or max skew assignments found ;
; P3[2]               ; No output delay, min/max delays, false-path exceptions, or max skew assignments found ;
; P3[3]               ; No output delay, min/max delays, false-path exceptions, or max skew assignments found ;
; P3[4]               ; No output delay, min/max delays, false-path exceptions, or max skew assignments found ;
; P3[5]               ; No output delay, min/max delays, false-path exceptions, or max skew assignments found ;
; P3[6]               ; No output delay, min/max delays, false-path exceptions, or max skew assignments found ;
; P3[7]               ; No output delay, min/max delays, false-path exceptions, or max skew assignments found ;
; P4[0]               ; No output delay, min/max delays, false-path exceptions, or max skew assignments found ;
; P4[1]               ; No output delay, min/max delays, false-path exceptions, or max skew assignments found ;
; P4[2]               ; No output delay, min/max delays, false-path exceptions, or max skew assignments found ;
; P4[3]               ; No output delay, min/max delays, false-path exceptions, or max skew assignments found ;
; P4[4]               ; No output delay, min/max delays, false-path exceptions, or max skew assignments found ;
; P4[5]               ; No output delay, min/max delays, false-path exceptions, or max skew assignments found ;
; P4[6]               ; No output delay, min/max delays, false-path exceptions, or max skew assignments found ;
; P4[7]               ; No output delay, min/max delays, false-path exceptions, or max skew assignments found ;
; TXD                 ; No output delay, min/max delays, false-path exceptions, or max skew assignments found ;
; altera_reserved_tdo ; No output delay, min/max delays, false-path exceptions, or max skew assignments found ;
+---------------------+---------------------------------------------------------------------------------------+


+------------------------------------------------------------------------------------------------------------+
; Unconstrained Input Ports                                                                                  ;
+---------------------+--------------------------------------------------------------------------------------+
; Input Port          ; Comment                                                                              ;
+---------------------+--------------------------------------------------------------------------------------+
; GSENSOR_INT1        ; No input delay, min/max delays, false-path exceptions, or max skew assignments found ;
; GSENSOR_INT2        ; No input delay, min/max delays, false-path exceptions, or max skew assignments found ;
; GSENSOR_SDO         ; No input delay, min/max delays, false-path exceptions, or max skew assignments found ;
; INT0                ; No input delay, min/max delays, false-path exceptions, or max skew assignments found ;
; INT1                ; No input delay, min/max delays, false-path exceptions, or max skew assignments found ;
; KEY[0]              ; No input delay, min/max delays, false-path exceptions, or max skew assignments found ;
; KEY[1]              ; No input delay, min/max delays, false-path exceptions, or max skew assignments found ;
; KEY[2]              ; No input delay, min/max delays, false-path exceptions, or max skew assignments found ;
; KEY[3]              ; No input delay, min/max delays, false-path exceptions, or max skew assignments found ;
; LEDR0_in[0]         ; No input delay, min/max delays, false-path exceptions, or max skew assignments found ;
; LEDR0_in[1]         ; No input delay, min/max delays, false-path exceptions, or max skew assignments found ;
; LEDR0_in[2]         ; No input delay, min/max delays, false-path exceptions, or max skew assignments found ;
; LEDR0_in[3]         ; No input delay, min/max delays, false-path exceptions, or max skew assignments found ;
; LEDR0_in[4]         ; No input delay, min/max delays, false-path exceptions, or max skew assignments found ;
; LEDR0_in[5]         ; No input delay, min/max delays, false-path exceptions, or max skew assignments found ;
; LEDR0_in[6]         ; No input delay, min/max delays, false-path exceptions, or max skew assignments found ;
; LEDR0_in[7]         ; No input delay, min/max delays, false-path exceptions, or max skew assignments found ;
; LEDR1_in[0]         ; No input delay, min/max delays, false-path exceptions, or max skew assignments found ;
; LEDR1_in[1]         ; No input delay, min/max delays, false-path exceptions, or max skew assignments found ;
; P0[0]               ; No input delay, min/max delays, false-path exceptions, or max skew assignments found ;
; P0[1]               ; No input delay, min/max delays, false-path exceptions, or max skew assignments found ;
; P0[2]               ; No input delay, min/max delays, false-path exceptions, or max skew assignments found ;
; P0[3]               ; No input delay, min/max delays, false-path exceptions, or max skew assignments found ;
; P0[4]               ; No input delay, min/max delays, false-path exceptions, or max skew assignments found ;
; P0[5]               ; No input delay, min/max delays, false-path exceptions, or max skew assignments found ;
; P0[6]               ; No input delay, min/max delays, false-path exceptions, or max skew assignments found ;
; P0[7]               ; No input delay, min/max delays, false-path exceptions, or max skew assignments found ;
; P1[0]               ; No input delay, min/max delays, false-path exceptions, or max skew assignments found ;
; P1[1]               ; No input delay, min/max delays, false-path exceptions, or max skew assignments found ;
; P1[2]               ; No input delay, min/max delays, false-path exceptions, or max skew assignments found ;
; P1[3]               ; No input delay, min/max delays, false-path exceptions, or max skew assignments found ;
; P1[4]               ; No input delay, min/max delays, false-path exceptions, or max skew assignments found ;
; P1[5]               ; No input delay, min/max delays, false-path exceptions, or max skew assignments found ;
; P1[6]               ; No input delay, min/max delays, false-path exceptions, or max skew assignments found ;
; P1[7]               ; No input delay, min/max delays, false-path exceptions, or max skew assignments found ;
; P2[0]               ; No input delay, min/max delays, false-path exceptions, or max skew assignments found ;
; P2[1]               ; No input delay, min/max delays, false-path exceptions, or max skew assignments found ;
; P2[2]               ; No input delay, min/max delays, false-path exceptions, or max skew assignments found ;
; P2[3]               ; No input delay, min/max delays, false-path exceptions, or max skew assignments found ;
; P2[4]               ; No input delay, min/max delays, false-path exceptions, or max skew assignments found ;
; P2[5]               ; No input delay, min/max delays, false-path exceptions, or max skew assignments found ;
; P2[6]               ; No input delay, min/max delays, false-path exceptions, or max skew assignments found ;
; P2[7]               ; No input delay, min/max delays, false-path exceptions, or max skew assignments found ;
; P3[0]               ; No input delay, min/max delays, false-path exceptions, or max skew assignments found ;
; P3[1]               ; No input delay, min/max delays, false-path exceptions, or max skew assignments found ;
; P3[2]               ; No input delay, min/max delays, false-path exceptions, or max skew assignments found ;
; P3[3]               ; No input delay, min/max delays, false-path exceptions, or max skew assignments found ;
; P3[4]               ; No input delay, min/max delays, false-path exceptions, or max skew assignments found ;
; P3[5]               ; No input delay, min/max delays, false-path exceptions, or max skew assignments found ;
; P3[6]               ; No input delay, min/max delays, false-path exceptions, or max skew assignments found ;
; P3[7]               ; No input delay, min/max delays, false-path exceptions, or max skew assignments found ;
; P4[0]               ; No input delay, min/max delays, false-path exceptions, or max skew assignments found ;
; P4[1]               ; No input delay, min/max delays, false-path exceptions, or max skew assignments found ;
; P4[2]               ; No input delay, min/max delays, false-path exceptions, or max skew assignments found ;
; P4[3]               ; No input delay, min/max delays, false-path exceptions, or max skew assignments found ;
; P4[4]               ; No input delay, min/max delays, false-path exceptions, or max skew assignments found ;
; P4[5]               ; No input delay, min/max delays, false-path exceptions, or max skew assignments found ;
; P4[6]               ; No input delay, min/max delays, false-path exceptions, or max skew assignments found ;
; P4[7]               ; No input delay, min/max delays, false-path exceptions, or max skew assignments found ;
; RXD                 ; No input delay, min/max delays, false-path exceptions, or max skew assignments found ;
; RstIn               ; Partially constrained                                                                ;
; T0                  ; No input delay, min/max delays, false-path exceptions, or max skew assignments found ;
; T1                  ; No input delay, min/max delays, false-path exceptions, or max skew assignments found ;
; T2                  ; No input delay, min/max delays, false-path exceptions, or max skew assignments found ;
; T2EX                ; No input delay, min/max delays, false-path exceptions, or max skew assignments found ;
; altera_reserved_tdi ; No input delay, min/max delays, false-path exceptions, or max skew assignments found ;
; altera_reserved_tms ; No input delay, min/max delays, false-path exceptions, or max skew assignments found ;
+---------------------+--------------------------------------------------------------------------------------+


+-------------------------------------------------------------------------------------------------------------+
; Unconstrained Output Ports                                                                                  ;
+---------------------+---------------------------------------------------------------------------------------+
; Output Port         ; Comment                                                                               ;
+---------------------+---------------------------------------------------------------------------------------+
; GNDKEY2             ; No output delay, min/max delays, false-path exceptions, or max skew assignments found ;
; GNDKEY3             ; No output delay, min/max delays, false-path exceptions, or max skew assignments found ;
; GSENSOR_CS_n        ; No output delay, min/max delays, false-path exceptions, or max skew assignments found ;
; GSENSOR_SCLK        ; No output delay, min/max delays, false-path exceptions, or max skew assignments found ;
; GSENSOR_SDI         ; No output delay, min/max delays, false-path exceptions, or max skew assignments found ;
; HEX0_out[0]         ; No output delay, min/max delays, false-path exceptions, or max skew assignments found ;
; HEX0_out[1]         ; No output delay, min/max delays, false-path exceptions, or max skew assignments found ;
; HEX0_out[2]         ; No output delay, min/max delays, false-path exceptions, or max skew assignments found ;
; HEX0_out[3]         ; No output delay, min/max delays, false-path exceptions, or max skew assignments found ;
; HEX0_out[4]         ; No output delay, min/max delays, false-path exceptions, or max skew assignments found ;
; HEX0_out[5]         ; No output delay, min/max delays, false-path exceptions, or max skew assignments found ;
; HEX0_out[6]         ; No output delay, min/max delays, false-path exceptions, or max skew assignments found ;
; HEX0_out[7]         ; No output delay, min/max delays, false-path exceptions, or max skew assignments found ;
; HEX1_out[0]         ; No output delay, min/max delays, false-path exceptions, or max skew assignments found ;
; HEX1_out[1]         ; No output delay, min/max delays, false-path exceptions, or max skew assignments found ;
; HEX1_out[2]         ; No output delay, min/max delays, false-path exceptions, or max skew assignments found ;
; HEX1_out[3]         ; No output delay, min/max delays, false-path exceptions, or max skew assignments found ;
; HEX1_out[4]         ; No output delay, min/max delays, false-path exceptions, or max skew assignments found ;
; HEX1_out[5]         ; No output delay, min/max delays, false-path exceptions, or max skew assignments found ;
; HEX1_out[6]         ; No output delay, min/max delays, false-path exceptions, or max skew assignments found ;
; HEX1_out[7]         ; No output delay, min/max delays, false-path exceptions, or max skew assignments found ;
; HEX2_out[0]         ; No output delay, min/max delays, false-path exceptions, or max skew assignments found ;
; HEX2_out[1]         ; No output delay, min/max delays, false-path exceptions, or max skew assignments found ;
; HEX2_out[2]         ; No output delay, min/max delays, false-path exceptions, or max skew assignments found ;
; HEX2_out[3]         ; No output delay, min/max delays, false-path exceptions, or max skew assignments found ;
; HEX2_out[4]         ; No output delay, min/max delays, false-path exceptions, or max skew assignments found ;
; HEX2_out[5]         ; No output delay, min/max delays, false-path exceptions, or max skew assignments found ;
; HEX2_out[6]         ; No output delay, min/max delays, false-path exceptions, or max skew assignments found ;
; HEX2_out[7]         ; No output delay, min/max delays, false-path exceptions, or max skew assignments found ;
; HEX3_out[0]         ; No output delay, min/max delays, false-path exceptions, or max skew assignments found ;
; HEX3_out[1]         ; No output delay, min/max delays, false-path exceptions, or max skew assignments found ;
; HEX3_out[2]         ; No output delay, min/max delays, false-path exceptions, or max skew assignments found ;
; HEX3_out[3]         ; No output delay, min/max delays, false-path exceptions, or max skew assignments found ;
; HEX3_out[4]         ; No output delay, min/max delays, false-path exceptions, or max skew assignments found ;
; HEX3_out[5]         ; No output delay, min/max delays, false-path exceptions, or max skew assignments found ;
; HEX3_out[6]         ; No output delay, min/max delays, false-path exceptions, or max skew assignments found ;
; HEX3_out[7]         ; No output delay, min/max delays, false-path exceptions, or max skew assignments found ;
; HEX4_out[0]         ; No output delay, min/max delays, false-path exceptions, or max skew assignments found ;
; HEX4_out[1]         ; No output delay, min/max delays, false-path exceptions, or max skew assignments found ;
; HEX4_out[2]         ; No output delay, min/max delays, false-path exceptions, or max skew assignments found ;
; HEX4_out[3]         ; No output delay, min/max delays, false-path exceptions, or max skew assignments found ;
; HEX4_out[4]         ; No output delay, min/max delays, false-path exceptions, or max skew assignments found ;
; HEX4_out[5]         ; No output delay, min/max delays, false-path exceptions, or max skew assignments found ;
; HEX4_out[6]         ; No output delay, min/max delays, false-path exceptions, or max skew assignments found ;
; HEX4_out[7]         ; No output delay, min/max delays, false-path exceptions, or max skew assignments found ;
; HEX5_out[0]         ; No output delay, min/max delays, false-path exceptions, or max skew assignments found ;
; HEX5_out[1]         ; No output delay, min/max delays, false-path exceptions, or max skew assignments found ;
; HEX5_out[2]         ; No output delay, min/max delays, false-path exceptions, or max skew assignments found ;
; HEX5_out[3]         ; No output delay, min/max delays, false-path exceptions, or max skew assignments found ;
; HEX5_out[4]         ; No output delay, min/max delays, false-path exceptions, or max skew assignments found ;
; HEX5_out[5]         ; No output delay, min/max delays, false-path exceptions, or max skew assignments found ;
; HEX5_out[6]         ; No output delay, min/max delays, false-path exceptions, or max skew assignments found ;
; HEX5_out[7]         ; No output delay, min/max delays, false-path exceptions, or max skew assignments found ;
; LEDR0_out[0]        ; No output delay, min/max delays, false-path exceptions, or max skew assignments found ;
; LEDR0_out[1]        ; No output delay, min/max delays, false-path exceptions, or max skew assignments found ;
; LEDR0_out[2]        ; No output delay, min/max delays, false-path exceptions, or max skew assignments found ;
; LEDR0_out[3]        ; No output delay, min/max delays, false-path exceptions, or max skew assignments found ;
; LEDR0_out[4]        ; No output delay, min/max delays, false-path exceptions, or max skew assignments found ;
; LEDR0_out[5]        ; No output delay, min/max delays, false-path exceptions, or max skew assignments found ;
; LEDR0_out[6]        ; No output delay, min/max delays, false-path exceptions, or max skew assignments found ;
; LEDR0_out[7]        ; No output delay, min/max delays, false-path exceptions, or max skew assignments found ;
; LEDR1_out[0]        ; No output delay, min/max delays, false-path exceptions, or max skew assignments found ;
; LEDR1_out[1]        ; No output delay, min/max delays, false-path exceptions, or max skew assignments found ;
; P0[0]               ; No output delay, min/max delays, false-path exceptions, or max skew assignments found ;
; P0[1]               ; No output delay, min/max delays, false-path exceptions, or max skew assignments found ;
; P0[2]               ; No output delay, min/max delays, false-path exceptions, or max skew assignments found ;
; P0[3]               ; No output delay, min/max delays, false-path exceptions, or max skew assignments found ;
; P0[4]               ; No output delay, min/max delays, false-path exceptions, or max skew assignments found ;
; P0[5]               ; No output delay, min/max delays, false-path exceptions, or max skew assignments found ;
; P0[6]               ; No output delay, min/max delays, false-path exceptions, or max skew assignments found ;
; P0[7]               ; No output delay, min/max delays, false-path exceptions, or max skew assignments found ;
; P1[0]               ; No output delay, min/max delays, false-path exceptions, or max skew assignments found ;
; P1[1]               ; No output delay, min/max delays, false-path exceptions, or max skew assignments found ;
; P1[2]               ; No output delay, min/max delays, false-path exceptions, or max skew assignments found ;
; P1[3]               ; No output delay, min/max delays, false-path exceptions, or max skew assignments found ;
; P1[4]               ; No output delay, min/max delays, false-path exceptions, or max skew assignments found ;
; P1[5]               ; No output delay, min/max delays, false-path exceptions, or max skew assignments found ;
; P1[6]               ; No output delay, min/max delays, false-path exceptions, or max skew assignments found ;
; P1[7]               ; No output delay, min/max delays, false-path exceptions, or max skew assignments found ;
; P2[0]               ; No output delay, min/max delays, false-path exceptions, or max skew assignments found ;
; P2[1]               ; No output delay, min/max delays, false-path exceptions, or max skew assignments found ;
; P2[2]               ; No output delay, min/max delays, false-path exceptions, or max skew assignments found ;
; P2[3]               ; No output delay, min/max delays, false-path exceptions, or max skew assignments found ;
; P2[4]               ; No output delay, min/max delays, false-path exceptions, or max skew assignments found ;
; P2[5]               ; No output delay, min/max delays, false-path exceptions, or max skew assignments found ;
; P2[6]               ; No output delay, min/max delays, false-path exceptions, or max skew assignments found ;
; P2[7]               ; No output delay, min/max delays, false-path exceptions, or max skew assignments found ;
; P3[0]               ; No output delay, min/max delays, false-path exceptions, or max skew assignments found ;
; P3[1]               ; No output delay, min/max delays, false-path exceptions, or max skew assignments found ;
; P3[2]               ; No output delay, min/max delays, false-path exceptions, or max skew assignments found ;
; P3[3]               ; No output delay, min/max delays, false-path exceptions, or max skew assignments found ;
; P3[4]               ; No output delay, min/max delays, false-path exceptions, or max skew assignments found ;
; P3[5]               ; No output delay, min/max delays, false-path exceptions, or max skew assignments found ;
; P3[6]               ; No output delay, min/max delays, false-path exceptions, or max skew assignments found ;
; P3[7]               ; No output delay, min/max delays, false-path exceptions, or max skew assignments found ;
; P4[0]               ; No output delay, min/max delays, false-path exceptions, or max skew assignments found ;
; P4[1]               ; No output delay, min/max delays, false-path exceptions, or max skew assignments found ;
; P4[2]               ; No output delay, min/max delays, false-path exceptions, or max skew assignments found ;
; P4[3]               ; No output delay, min/max delays, false-path exceptions, or max skew assignments found ;
; P4[4]               ; No output delay, min/max delays, false-path exceptions, or max skew assignments found ;
; P4[5]               ; No output delay, min/max delays, false-path exceptions, or max skew assignments found ;
; P4[6]               ; No output delay, min/max delays, false-path exceptions, or max skew assignments found ;
; P4[7]               ; No output delay, min/max delays, false-path exceptions, or max skew assignments found ;
; TXD                 ; No output delay, min/max delays, false-path exceptions, or max skew assignments found ;
; altera_reserved_tdo ; No output delay, min/max delays, false-path exceptions, or max skew assignments found ;
+---------------------+---------------------------------------------------------------------------------------+


+--------------------------+
; Timing Analyzer Messages ;
+--------------------------+
Info: *******************************************************************
Info: Running Quartus Prime Timing Analyzer
    Info: Version 24.1std.0 Build 1077 03/04/2025 SC Lite Edition
    Info: Processing started: Sat Jan 31 14:48:22 2026
Info: Command: quartus_sta CV_8052 -c CV_8052
Info: qsta_default_script.tcl version: #1
Info (20030): Parallel compilation is enabled and will use 4 of the 4 processors detected
Info (21077): Low junction temperature is 0 degrees C
Info (21077): High junction temperature is 85 degrees C
Info (332164): Evaluating HDL-embedded SDC commands
    Info (332165): Entity altera_std_synchronizer
        Info (332166): set_false_path -to [get_keepers {*altera_std_synchronizer:*|din_s1}]
    Info (332165): Entity sld_hub
        Info (332166): create_clock -name altera_reserved_tck [get_ports {altera_reserved_tck}] -period 10MHz   
        Info (332166): set_clock_groups -asynchronous -group {altera_reserved_tck}
Info (332104): Reading SDC File: 'onchip_flash/synthesis/submodules/altera_onchip_flash.sdc'
Info (332104): Reading SDC File: 'CV_8052.sdc'
Warning (332043): Overwriting existing clock: altera_reserved_tck
Info (332097): The following timing edges are non-unate.  The Timing Analyzer will assume pos-unate behavior for these edges in the clock network.
    Info (332098): From: adc_mega_0|adc_mega_0|ADC_CTRL|max10_adc_core|control_internal|adc_inst|adcblock_instance|primitive_instance|clkin_from_pll_c0  to: ADC:adc_mega_0|ADC_adc_mega_0:adc_mega_0|altera_up_avalon_adv_adc:ADC_CTRL|DE10_Lite_ADC_Core_modular_adc_0:max10_adc_core|altera_modular_adc_control:control_internal|fiftyfivenm_adcblock_top_wrapper:adc_inst|fiftyfivenm_adcblock_primitive_wrapper:adcblock_instance|eoc
    Info (332098): Cell: altera_internal_jtag  from: tck  to: tckutap
Warning (332056): PLL cross checking found inconsistent PLL clock settings:
    Warning (332056): Node: adc_mega_0|adc_mega_0|ADC_CTRL|adc_pll|auto_generated|pll1|clk[0] was found missing 1 generated clock that corresponds to a base clock with a period of: 10.000
Info (332171): The following clock uncertainty values are less than the recommended values that would be applied by the derive_clock_uncertainty command
    Info (332172): Setup clock transfer from pll_33_MHz|altpll_component|auto_generated|pll1|clk[0] (Rise) to max10_onchip_flash|onchip_flash_0|altera_onchip_flash_block|ufm_block|osc (Rise) has uncertainty 0.100 that is less than the recommended uncertainty 0.140
    Info (332172): Hold clock transfer from pll_33_MHz|altpll_component|auto_generated|pll1|clk[0] (Rise) to max10_onchip_flash|onchip_flash_0|altera_onchip_flash_block|ufm_block|osc (Rise) has uncertainty 0.070 that is less than the recommended uncertainty 0.100
    Info (332172): Setup clock transfer from max10_onchip_flash|onchip_flash_0|altera_onchip_flash_block|ufm_block|osc (Rise) to pll_33_MHz|altpll_component|auto_generated|pll1|clk[0] (Rise) has uncertainty 0.070 that is less than the recommended uncertainty 0.100
    Info (332172): Hold clock transfer from max10_onchip_flash|onchip_flash_0|altera_onchip_flash_block|ufm_block|osc (Rise) to pll_33_MHz|altpll_component|auto_generated|pll1|clk[0] (Rise) has uncertainty 0.100 that is less than the recommended uncertainty 0.140
    Info (332172): Setup clock transfer from pll_33_MHz|altpll_component|auto_generated|pll1|clk[0] (Rise) to pll_33_MHz|altpll_component|auto_generated|pll1|clk[0] (Rise) has uncertainty 0.020 that is less than the recommended uncertainty 0.120
    Info (332172): Hold clock transfer from pll_33_MHz|altpll_component|auto_generated|pll1|clk[0] (Rise) to pll_33_MHz|altpll_component|auto_generated|pll1|clk[0] (Rise) has uncertainty 0.020 that is less than the recommended uncertainty 0.120
    Info (332172): Setup clock transfer from pll_33_MHz|altpll_component|auto_generated|pll1|clk[0] (Fall) to pll_33_MHz|altpll_component|auto_generated|pll1|clk[0] (Rise) has uncertainty 0.020 that is less than the recommended uncertainty 0.120
    Info (332172): Hold clock transfer from pll_33_MHz|altpll_component|auto_generated|pll1|clk[0] (Fall) to pll_33_MHz|altpll_component|auto_generated|pll1|clk[0] (Rise) has uncertainty 0.020 that is less than the recommended uncertainty 0.120
    Info (332172): Setup clock transfer from pll_33_MHz|altpll_component|auto_generated|pll1|clk[0] (Rise) to pll_33_MHz|altpll_component|auto_generated|pll1|clk[0] (Fall) has uncertainty 0.020 that is less than the recommended uncertainty 0.120
    Info (332172): Hold clock transfer from pll_33_MHz|altpll_component|auto_generated|pll1|clk[0] (Rise) to pll_33_MHz|altpll_component|auto_generated|pll1|clk[0] (Fall) has uncertainty 0.020 that is less than the recommended uncertainty 0.120
    Info (332172): Setup clock transfer from pll_33_MHz|altpll_component|auto_generated|pll1|clk[0] (Fall) to pll_33_MHz|altpll_component|auto_generated|pll1|clk[0] (Fall) has uncertainty 0.020 that is less than the recommended uncertainty 0.120
    Info (332172): Hold clock transfer from pll_33_MHz|altpll_component|auto_generated|pll1|clk[0] (Fall) to pll_33_MHz|altpll_component|auto_generated|pll1|clk[0] (Fall) has uncertainty 0.020 that is less than the recommended uncertainty 0.120
Info: Found TIMING_ANALYZER_REPORT_SCRIPT_INCLUDE_DEFAULT_ANALYSIS = ON
Info: Analyzing Slow 1200mV 85C Model
Info: Can't run Report Timing Closure Recommendations. The current device family is not supported.
Critical Warning (332148): Timing requirements not met
Info (332146): Worst-case setup slack is -877.615
    Info (332119):     Slack       End Point TNS Clock 
    Info (332119): ========= =================== =====================
    Info (332119):  -877.615          -11246.998 pll_33_MHz|altpll_component|auto_generated|pll1|clk[0] 
    Info (332119):    42.391               0.000 altera_reserved_tck 
Info (332146): Worst-case hold slack is 0.295
    Info (332119):     Slack       End Point TNS Clock 
    Info (332119): ========= =================== =====================
    Info (332119):     0.295               0.000 altera_reserved_tck 
    Info (332119):     0.311               0.000 pll_33_MHz|altpll_component|auto_generated|pll1|clk[0] 
Info (332146): Worst-case recovery slack is 26.776
    Info (332119):     Slack       End Point TNS Clock 
    Info (332119): ========= =================== =====================
    Info (332119):    26.776               0.000 pll_33_MHz|altpll_component|auto_generated|pll1|clk[0] 
    Info (332119):    97.102               0.000 altera_reserved_tck 
Info (332146): Worst-case removal slack is 0.910
    Info (332119):     Slack       End Point TNS Clock 
    Info (332119): ========= =================== =====================
    Info (332119):     0.910               0.000 altera_reserved_tck 
    Info (332119):     1.318               0.000 pll_33_MHz|altpll_component|auto_generated|pll1|clk[0] 
Info (332146): Worst-case minimum pulse width slack is 9.550
    Info (332119):     Slack       End Point TNS Clock 
    Info (332119): ========= =================== =====================
    Info (332119):     9.550               0.000 pll_33_MHz|altpll_component|auto_generated|pll1|clk[0] 
    Info (332119):     9.820               0.000 CLOCK_50 
    Info (332119):    49.533               0.000 altera_reserved_tck 
    Info (332119):    90.677               0.000 max10_onchip_flash|onchip_flash_0|altera_onchip_flash_block|ufm_block|osc 
Info (332114): Report Metastability: Found 7 synchronizer chains.
    Info (332114): Worst-Case MTBF of Design is 1e+09 years or 3.15e+16 seconds.
    Info (332114): Typical MTBF of Design is 1e+09 years or 3.15e+16 seconds.

    Info (332114): Number of Synchronizer Chains Found: 7
    Info (332114): Shortest Synchronizer Chain: 2 Registers
    Info (332114): Fraction of Chains for which MTBFs Could Not be Calculated: 0.429
    Info (332114): Worst Case Available Settling Time: 52.839 ns
    Info (332114): 
    Info (332114): Worst-Case MTBF values are calculated based on the worst-case silicon characteristics, with worst-case operating conditions.
    Info (332114):   - Under worst-case conditions, an increase of 100ps in available settling time will increase MTBF values by a factor of 1.8
    Info (332114): Typical MTBF values are calculated based on the nominal silicon characteristics, at nominal operating conditions.
    Info (332114):   - Under typical conditions, an increase of 100ps in available settling time will increase MTBF values by a factor of 3.7
Info: Analyzing Slow 1200mV 0C Model
Info (334003): Started post-fitting delay annotation
Info (334004): Delay annotation completed successfully
Info (332097): The following timing edges are non-unate.  The Timing Analyzer will assume pos-unate behavior for these edges in the clock network.
    Info (332098): From: adc_mega_0|adc_mega_0|ADC_CTRL|max10_adc_core|control_internal|adc_inst|adcblock_instance|primitive_instance|clkin_from_pll_c0  to: ADC:adc_mega_0|ADC_adc_mega_0:adc_mega_0|altera_up_avalon_adv_adc:ADC_CTRL|DE10_Lite_ADC_Core_modular_adc_0:max10_adc_core|altera_modular_adc_control:control_internal|fiftyfivenm_adcblock_top_wrapper:adc_inst|fiftyfivenm_adcblock_primitive_wrapper:adcblock_instance|eoc
    Info (332098): Cell: altera_internal_jtag  from: tck  to: tckutap
Warning (332056): PLL cross checking found inconsistent PLL clock settings:
    Warning (332056): Node: adc_mega_0|adc_mega_0|ADC_CTRL|adc_pll|auto_generated|pll1|clk[0] was found missing 1 generated clock that corresponds to a base clock with a period of: 10.000
Info (332171): The following clock uncertainty values are less than the recommended values that would be applied by the derive_clock_uncertainty command
    Info (332172): Setup clock transfer from pll_33_MHz|altpll_component|auto_generated|pll1|clk[0] (Rise) to max10_onchip_flash|onchip_flash_0|altera_onchip_flash_block|ufm_block|osc (Rise) has uncertainty 0.100 that is less than the recommended uncertainty 0.140
    Info (332172): Hold clock transfer from pll_33_MHz|altpll_component|auto_generated|pll1|clk[0] (Rise) to max10_onchip_flash|onchip_flash_0|altera_onchip_flash_block|ufm_block|osc (Rise) has uncertainty 0.070 that is less than the recommended uncertainty 0.100
    Info (332172): Setup clock transfer from max10_onchip_flash|onchip_flash_0|altera_onchip_flash_block|ufm_block|osc (Rise) to pll_33_MHz|altpll_component|auto_generated|pll1|clk[0] (Rise) has uncertainty 0.070 that is less than the recommended uncertainty 0.100
    Info (332172): Hold clock transfer from max10_onchip_flash|onchip_flash_0|altera_onchip_flash_block|ufm_block|osc (Rise) to pll_33_MHz|altpll_component|auto_generated|pll1|clk[0] (Rise) has uncertainty 0.100 that is less than the recommended uncertainty 0.140
    Info (332172): Setup clock transfer from pll_33_MHz|altpll_component|auto_generated|pll1|clk[0] (Rise) to pll_33_MHz|altpll_component|auto_generated|pll1|clk[0] (Rise) has uncertainty 0.020 that is less than the recommended uncertainty 0.120
    Info (332172): Hold clock transfer from pll_33_MHz|altpll_component|auto_generated|pll1|clk[0] (Rise) to pll_33_MHz|altpll_component|auto_generated|pll1|clk[0] (Rise) has uncertainty 0.020 that is less than the recommended uncertainty 0.120
    Info (332172): Setup clock transfer from pll_33_MHz|altpll_component|auto_generated|pll1|clk[0] (Fall) to pll_33_MHz|altpll_component|auto_generated|pll1|clk[0] (Rise) has uncertainty 0.020 that is less than the recommended uncertainty 0.120
    Info (332172): Hold clock transfer from pll_33_MHz|altpll_component|auto_generated|pll1|clk[0] (Fall) to pll_33_MHz|altpll_component|auto_generated|pll1|clk[0] (Rise) has uncertainty 0.020 that is less than the recommended uncertainty 0.120
    Info (332172): Setup clock transfer from pll_33_MHz|altpll_component|auto_generated|pll1|clk[0] (Rise) to pll_33_MHz|altpll_component|auto_generated|pll1|clk[0] (Fall) has uncertainty 0.020 that is less than the recommended uncertainty 0.120
    Info (332172): Hold clock transfer from pll_33_MHz|altpll_component|auto_generated|pll1|clk[0] (Rise) to pll_33_MHz|altpll_component|auto_generated|pll1|clk[0] (Fall) has uncertainty 0.020 that is less than the recommended uncertainty 0.120
    Info (332172): Setup clock transfer from pll_33_MHz|altpll_component|auto_generated|pll1|clk[0] (Fall) to pll_33_MHz|altpll_component|auto_generated|pll1|clk[0] (Fall) has uncertainty 0.020 that is less than the recommended uncertainty 0.120
    Info (332172): Hold clock transfer from pll_33_MHz|altpll_component|auto_generated|pll1|clk[0] (Fall) to pll_33_MHz|altpll_component|auto_generated|pll1|clk[0] (Fall) has uncertainty 0.020 that is less than the recommended uncertainty 0.120
Critical Warning (332148): Timing requirements not met
Info (332146): Worst-case setup slack is -868.890
    Info (332119):     Slack       End Point TNS Clock 
    Info (332119): ========= =================== =====================
    Info (332119):  -868.890          -10684.928 pll_33_MHz|altpll_component|auto_generated|pll1|clk[0] 
    Info (332119):    42.902               0.000 altera_reserved_tck 
Info (332146): Worst-case hold slack is 0.277
    Info (332119):     Slack       End Point TNS Clock 
    Info (332119): ========= =================== =====================
    Info (332119):     0.277               0.000 pll_33_MHz|altpll_component|auto_generated|pll1|clk[0] 
    Info (332119):     0.287               0.000 altera_reserved_tck 
Info (332146): Worst-case recovery slack is 26.983
    Info (332119):     Slack       End Point TNS Clock 
    Info (332119): ========= =================== =====================
    Info (332119):    26.983               0.000 pll_33_MHz|altpll_component|auto_generated|pll1|clk[0] 
    Info (332119):    97.335               0.000 altera_reserved_tck 
Info (332146): Worst-case removal slack is 0.834
    Info (332119):     Slack       End Point TNS Clock 
    Info (332119): ========= =================== =====================
    Info (332119):     0.834               0.000 altera_reserved_tck 
    Info (332119):     1.170               0.000 pll_33_MHz|altpll_component|auto_generated|pll1|clk[0] 
Info (332146): Worst-case minimum pulse width slack is 9.598
    Info (332119):     Slack       End Point TNS Clock 
    Info (332119): ========= =================== =====================
    Info (332119):     9.598               0.000 pll_33_MHz|altpll_component|auto_generated|pll1|clk[0] 
    Info (332119):     9.830               0.000 CLOCK_50 
    Info (332119):    49.549               0.000 altera_reserved_tck 
    Info (332119):    90.681               0.000 max10_onchip_flash|onchip_flash_0|altera_onchip_flash_block|ufm_block|osc 
Info (332114): Report Metastability: Found 7 synchronizer chains.
    Info (332114): Worst-Case MTBF of Design is 1e+09 years or 3.15e+16 seconds.
    Info (332114): Typical MTBF of Design is 1e+09 years or 3.15e+16 seconds.

    Info (332114): Number of Synchronizer Chains Found: 7
    Info (332114): Shortest Synchronizer Chain: 2 Registers
    Info (332114): Fraction of Chains for which MTBFs Could Not be Calculated: 0.429
    Info (332114): Worst Case Available Settling Time: 53.251 ns
    Info (332114): 
    Info (332114): Worst-Case MTBF values are calculated based on the worst-case silicon characteristics, with worst-case operating conditions.
    Info (332114):   - Under worst-case conditions, an increase of 100ps in available settling time will increase MTBF values by a factor of 1.8
    Info (332114): Typical MTBF values are calculated based on the nominal silicon characteristics, at nominal operating conditions.
    Info (332114):   - Under typical conditions, an increase of 100ps in available settling time will increase MTBF values by a factor of 3.7
Info: Analyzing Fast 1200mV 0C Model
Info (332097): The following timing edges are non-unate.  The Timing Analyzer will assume pos-unate behavior for these edges in the clock network.
    Info (332098): From: adc_mega_0|adc_mega_0|ADC_CTRL|max10_adc_core|control_internal|adc_inst|adcblock_instance|primitive_instance|clkin_from_pll_c0  to: ADC:adc_mega_0|ADC_adc_mega_0:adc_mega_0|altera_up_avalon_adv_adc:ADC_CTRL|DE10_Lite_ADC_Core_modular_adc_0:max10_adc_core|altera_modular_adc_control:control_internal|fiftyfivenm_adcblock_top_wrapper:adc_inst|fiftyfivenm_adcblock_primitive_wrapper:adcblock_instance|eoc
    Info (332098): Cell: altera_internal_jtag  from: tck  to: tckutap
Warning (332056): PLL cross checking found inconsistent PLL clock settings:
    Warning (332056): Node: adc_mega_0|adc_mega_0|ADC_CTRL|adc_pll|auto_generated|pll1|clk[0] was found missing 1 generated clock that corresponds to a base clock with a period of: 10.000
Info (332171): The following clock uncertainty values are less than the recommended values that would be applied by the derive_clock_uncertainty command
    Info (332172): Setup clock transfer from pll_33_MHz|altpll_component|auto_generated|pll1|clk[0] (Rise) to max10_onchip_flash|onchip_flash_0|altera_onchip_flash_block|ufm_block|osc (Rise) has uncertainty 0.100 that is less than the recommended uncertainty 0.140
    Info (332172): Hold clock transfer from pll_33_MHz|altpll_component|auto_generated|pll1|clk[0] (Rise) to max10_onchip_flash|onchip_flash_0|altera_onchip_flash_block|ufm_block|osc (Rise) has uncertainty 0.070 that is less than the recommended uncertainty 0.100
    Info (332172): Setup clock transfer from max10_onchip_flash|onchip_flash_0|altera_onchip_flash_block|ufm_block|osc (Rise) to pll_33_MHz|altpll_component|auto_generated|pll1|clk[0] (Rise) has uncertainty 0.070 that is less than the recommended uncertainty 0.100
    Info (332172): Hold clock transfer from max10_onchip_flash|onchip_flash_0|altera_onchip_flash_block|ufm_block|osc (Rise) to pll_33_MHz|altpll_component|auto_generated|pll1|clk[0] (Rise) has uncertainty 0.100 that is less than the recommended uncertainty 0.140
    Info (332172): Setup clock transfer from pll_33_MHz|altpll_component|auto_generated|pll1|clk[0] (Rise) to pll_33_MHz|altpll_component|auto_generated|pll1|clk[0] (Rise) has uncertainty 0.020 that is less than the recommended uncertainty 0.120
    Info (332172): Hold clock transfer from pll_33_MHz|altpll_component|auto_generated|pll1|clk[0] (Rise) to pll_33_MHz|altpll_component|auto_generated|pll1|clk[0] (Rise) has uncertainty 0.020 that is less than the recommended uncertainty 0.120
    Info (332172): Setup clock transfer from pll_33_MHz|altpll_component|auto_generated|pll1|clk[0] (Fall) to pll_33_MHz|altpll_component|auto_generated|pll1|clk[0] (Rise) has uncertainty 0.020 that is less than the recommended uncertainty 0.120
    Info (332172): Hold clock transfer from pll_33_MHz|altpll_component|auto_generated|pll1|clk[0] (Fall) to pll_33_MHz|altpll_component|auto_generated|pll1|clk[0] (Rise) has uncertainty 0.020 that is less than the recommended uncertainty 0.120
    Info (332172): Setup clock transfer from pll_33_MHz|altpll_component|auto_generated|pll1|clk[0] (Rise) to pll_33_MHz|altpll_component|auto_generated|pll1|clk[0] (Fall) has uncertainty 0.020 that is less than the recommended uncertainty 0.120
    Info (332172): Hold clock transfer from pll_33_MHz|altpll_component|auto_generated|pll1|clk[0] (Rise) to pll_33_MHz|altpll_component|auto_generated|pll1|clk[0] (Fall) has uncertainty 0.020 that is less than the recommended uncertainty 0.120
    Info (332172): Setup clock transfer from pll_33_MHz|altpll_component|auto_generated|pll1|clk[0] (Fall) to pll_33_MHz|altpll_component|auto_generated|pll1|clk[0] (Fall) has uncertainty 0.020 that is less than the recommended uncertainty 0.120
    Info (332172): Hold clock transfer from pll_33_MHz|altpll_component|auto_generated|pll1|clk[0] (Fall) to pll_33_MHz|altpll_component|auto_generated|pll1|clk[0] (Fall) has uncertainty 0.020 that is less than the recommended uncertainty 0.120
Critical Warning (332148): Timing requirements not met
Info (332146): Worst-case setup slack is -826.770
    Info (332119):     Slack       End Point TNS Clock 
    Info (332119): ========= =================== =====================
    Info (332119):  -826.770           -9920.740 pll_33_MHz|altpll_component|auto_generated|pll1|clk[0] 
    Info (332119):    46.904               0.000 altera_reserved_tck 
Info (332146): Worst-case hold slack is 0.104
    Info (332119):     Slack       End Point TNS Clock 
    Info (332119): ========= =================== =====================
    Info (332119):     0.104               0.000 altera_reserved_tck 
    Info (332119):     0.142               0.000 pll_33_MHz|altpll_component|auto_generated|pll1|clk[0] 
Info (332146): Worst-case recovery slack is 28.448
    Info (332119):     Slack       End Point TNS Clock 
    Info (332119): ========= =================== =====================
    Info (332119):    28.448               0.000 pll_33_MHz|altpll_component|auto_generated|pll1|clk[0] 
    Info (332119):    98.589               0.000 altera_reserved_tck 
Info (332146): Worst-case removal slack is 0.409
    Info (332119):     Slack       End Point TNS Clock 
    Info (332119): ========= =================== =====================
    Info (332119):     0.409               0.000 altera_reserved_tck 
    Info (332119):     0.602               0.000 pll_33_MHz|altpll_component|auto_generated|pll1|clk[0] 
Info (332146): Worst-case minimum pulse width slack is 9.530
    Info (332119):     Slack       End Point TNS Clock 
    Info (332119): ========= =================== =====================
    Info (332119):     9.530               0.000 CLOCK_50 
    Info (332119):     9.912               0.000 pll_33_MHz|altpll_component|auto_generated|pll1|clk[0] 
    Info (332119):    49.385               0.000 altera_reserved_tck 
    Info (332119):    90.688               0.000 max10_onchip_flash|onchip_flash_0|altera_onchip_flash_block|ufm_block|osc 
Info (332114): Report Metastability: Found 7 synchronizer chains.
    Info (332114): Worst-Case MTBF of Design is 1e+09 years or 3.15e+16 seconds.
    Info (332114): Typical MTBF of Design is 1e+09 years or 3.15e+16 seconds.

    Info (332114): Number of Synchronizer Chains Found: 7
    Info (332114): Shortest Synchronizer Chain: 2 Registers
    Info (332114): Fraction of Chains for which MTBFs Could Not be Calculated: 0.429
    Info (332114): Worst Case Available Settling Time: 56.714 ns
    Info (332114): 
    Info (332114): Worst-Case MTBF values are calculated based on the worst-case silicon characteristics, with worst-case operating conditions.
    Info (332114):   - Under worst-case conditions, an increase of 100ps in available settling time will increase MTBF values by a factor of 1.8
    Info (332114): Typical MTBF values are calculated based on the nominal silicon characteristics, at nominal operating conditions.
    Info (332114):   - Under typical conditions, an increase of 100ps in available settling time will increase MTBF values by a factor of 3.7
Info (332102): Design is not fully constrained for setup requirements
Info (332102): Design is not fully constrained for hold requirements
Info (144001): Generated suppressed messages file C:/elec 291/Project 1/MAX10_8052_FD_ADC/CV_8052.sta.smsg
Info: Quartus Prime Timing Analyzer was successful. 0 errors, 10 warnings
    Info: Peak virtual memory: 4990 megabytes
    Info: Processing ended: Sat Jan 31 14:48:30 2026
    Info: Elapsed time: 00:00:08
    Info: Total CPU time (on all processors): 00:00:15


+-------------------------------------+
; Timing Analyzer Suppressed Messages ;
+-------------------------------------+
The suppressed messages can be found in C:/elec 291/Project 1/MAX10_8052_FD_ADC/CV_8052.sta.smsg.


